INSERT INTO Utilizador (Username,Password,Email,Nome,[DataNascimento],Tipo) VALUES ('anna','276b6c4692e78d4799c12ada515bc3e4','ana23@hotmail.com','Ana Maria da Silva Pereira','1988-10-12','Professor')							
INSERT INTO Utilizador (Username,Password,Email,Nome,[DataNascimento],Tipo) VALUES ('maria20','bf4510087dfcb6705b16b206870a8d5a','mariapereira@gmail.com','Maria João Carvalho Pereira','1984-8-1','Professor')							
INSERT INTO Utilizador (Username,Password,Email,Nome,[DataNascimento],Tipo) VALUES ('andre40','19984dcaea13176bbb694f62ba6b5b35','andre@hotmail.com','Andre Filipe Gonçalves Ribeiro','1986-2-24','Professor')							
INSERT INTO Utilizador (Username,Password,Email,Nome,[DataNascimento],Tipo) VALUES ('antonio2','4a181673429f0b6abbfd452f0f3b5950','antonio65@gmail.com','Antonio Vieira','1965-3-3','Professor')							
INSERT INTO Utilizador (Username,Password,Email,Nome,[DataNascimento],Tipo) VALUES ('joao33','dccd96c256bc7dd39bae41a405f25e43','joao12@hotmail.com','João Fernandes Henriques Ferreira','1984-12-12','Professor')							
INSERT INTO Utilizador (Username,Password,Email,Nome,[DataNascimento],Tipo) VALUES ('claudia','6ed654bd47c72ea09eaabac2988a0b84','claudiadias@gmail.com','Ana Cláudia Dias','1980-11-11','Professor')							
INSERT INTO Utilizador (Username,Password,Email,Nome,[DataNascimento],Tipo) VALUES ('marferna','9237bb55aa29859d8dda6211abca3cc1','mariana@hotmail.com','Mariana Fernandes','1987-7-28','Professor')							
INSERT INTO Utilizador (Username,Password,Email,Nome,[DataNascimento],Tipo) VALUES ('ruben2','32252792b9dccf239f5a5bd8e778dbc2','ruben22@gmail.com','Ruben Andrade Araújo','1988-9-1','Professor')							
INSERT INTO Utilizador (Username,Password,Email,Nome,[DataNascimento],Tipo) VALUES ('maguii','d58a51af46cd8b19a15274fc0b90657a','magii@hotmail.com','Margaria Fernades Vasconcelos','1996-4-30','Aluno')							
INSERT INTO Utilizador (Username,Password,Email,Nome,[DataNascimento],Tipo) VALUES ('rodigo','9f90d7c92c5baf33d29993e7ee57aa5e','rodrigo@gmail.com','Rodrigo Vieira Nunes','1998-5-5','Aluno')							
INSERT INTO Utilizador (Username,Password,Email,Nome,[DataNascimento],Tipo) VALUES ('roberto','8882e3d19c637e638047f0df79e012d1','roberto@hotmail.com','Roberto Fernando Gonçalves Leal','1997-11-25','Aluno')							
INSERT INTO Utilizador (Username,Password,Email,Nome,[DataNascimento],Tipo) VALUES ('marco','0d4d6b9c537d7575ecb07ea7776a3e74','marci@gmail.com','João Marco Ferreira Oliveira','1996-2-28','Aluno')							
INSERT INTO Utilizador (Username,Password,Email,Nome,[DataNascimento],Tipo) VALUES ('diana','7b43f14140412ec9126a3780cac5c362','diana@hotmail.com','Diana Maria Ribeiro Abreu','1996-4-1','Aluno')							
INSERT INTO Utilizador (Username,Password,Email,Nome,[DataNascimento],Tipo) VALUES ('celeste','a824f7e0efbfd391127594bca49ee937','celeste@hotmail.com','Celeste Martins dos Santos','1998-10-10','Aluno')							
INSERT INTO Utilizador (Username,Password,Email,Nome,[DataNascimento],Tipo) VALUES ('afonso','b42f6d7d240273e9518e07c04df4a917','afonso@gmail.com','Afonso Miguel Martins','1997-6-6','Aluno')							
INSERT INTO Utilizador (Username,Password,Email,Nome,[DataNascimento],Tipo) VALUES ('ricardo','fae067761b16283ec358c643c42ed931','ricardo@gmail.com','Ricardo Manuel Sousa Pinto','1997-10-10','Aluno')							
INSERT INTO Utilizador (Username,Password,Email,Nome,[DataNascimento],Tipo) VALUES ('filipa','7d9125ef6a0d86a5d05560604013520f','filipa@hotmail.com','Ana Filipa Araújo Oliveira ','1998-4-8','Aluno')							
INSERT INTO Utilizador (Username,Password,Email,Nome,[DataNascimento],Tipo) VALUES ('pedro','75db4be2744a16f4fba24fe6b42f1bd7','pedro@gmail.com','João Pedro Alves Cabral','1997-12-5','Aluno')							
INSERT INTO Utilizador (Username,Password,Email,Nome,[DataNascimento],Tipo) VALUES ('hugo','cb2660380b938461db1b3474eb257255','hugo18@gmail.com','Hugo Manuel Carvalho de Sá','1998-3-23','Aluno')							
INSERT INTO Utilizador (Username,Password,Email,Nome,[DataNascimento],Tipo) VALUES ('nelson','e5fe08f339a4c3fb949afa62d67cf277','nelson@hotmail.com','Nelson Silva','1997-9-9','Aluno')							
INSERT INTO Utilizador (Username,Password,Email,Nome,[DataNascimento],Tipo) VALUES ('rui','84a97bd8b8393ad029ff1cdaf48783ce','rui@hotmail.com','Rui Magalhães Monteiro','1996-3-16','Aluno')							
INSERT INTO Utilizador (Username,Password,Email,Nome,[DataNascimento],Tipo) VALUES ('francisca','d0ab7fe6c314f4fe5b6c18a0157c96b4','francisca@gmail.com','Francisca Oliveira Magalhães','1996-7-24','Aluno')							
INSERT INTO Utilizador (Username,Password,Email,Nome,[DataNascimento],Tipo) VALUES ('duarte','bb38c1de68d0b4403c6526c33c9cb867','duarte@gmail.com','Duarate Matos Rodrigues','1997-6-13','Aluno')							
INSERT INTO Utilizador (Username,Password,Email,Nome,[DataNascimento],Tipo) VALUES ('catarina','7ae6cb9158cfd325385f5a799a055de7','catarina@hotmail.com','Ana Catarina Ferreira Andrade','1998-4-27','Aluno')							
INSERT INTO Utilizador (Username,Password,Email,Nome,[DataNascimento],Tipo) VALUES ('luz','d30f5874cbd77b2b5bca774458278f5b','luz@hotmail.com','Maria da Luz Mendes','1996-5-26','Aluno')							
INSERT INTO Utilizador (Username,Password,Email,Nome,[DataNascimento],Tipo) VALUES ('juliana','5f6b43df2e1b9b203a3108c7a740a05c','julianda@hotmail.com','Juliana Machado','1998-6-30','Aluno')							
INSERT INTO Utilizador (Username,Password,Email,Nome,[DataNascimento],Tipo) VALUES ('alberto','cb0b4891e61ccdd415a20252001fc265','alberto@hotmail.com','Alberto da Silva Ferreira','1996-11-21','Aluno')							
INSERT INTO Utilizador (Username,Password,Email,Nome,[DataNascimento],Tipo) VALUES ('luis','a737aa6a1159959a3cd39d6809d8473d','luis@gmail.com','Luis Gonçalves Ribeiro','1996-10-18','Aluno')							
INSERT INTO Utilizador (Username,Password,Email,Nome,[DataNascimento],Tipo) VALUES ('carina','81b38b748b4fea7e2af92eb6b327837b','carina@gmail.com','Carina Andreia Monteiro','1997-2-2','Aluno')							
INSERT INTO Utilizador (Username,Password,Email,Nome,[DataNascimento],Tipo) VALUES ('emanuel','2ad36c928a5a2e7b184f74b9f71b1ce2','emanuel@gmail.com','Emanuel dos Santos','1996-5-12','Aluno')							
INSERT INTO Utilizador (Username,Password,Email,Nome,[DataNascimento],Tipo) VALUES ('dalila','992beeffdf2f8e3575e4ca17ef0d416b','dalila@gmail.com','Maria Dalila Albuquerque','1996-7-25','Aluno')							
INSERT INTO Utilizador (Username,Password,Email,Nome,[DataNascimento],Tipo) VALUES ('paula','1b207465eac83b5d4b12e335faa0b53a','paula@gmail.com','Paula Alves','1998-8-8','Aluno')							
INSERT INTO Utilizador (Username,Password,Email,Nome,[DataNascimento],Tipo) VALUES ('paulo','f451e2b33287568e0c4a57f57d958a09','paulo@hotmail.com','José Paulo Andrade Alves','1997-12-31','Aluno')							
INSERT INTO Utilizador (Username,Password,Email,Nome,[DataNascimento],Tipo) VALUES ('Antonieta','1943c5a94ec171fb8cb62d8bab96f0ab','antonieta@gmail.com','Maria Antonieta Amorim','1998-4-13','Aluno')							
INSERT INTO Utilizador (Username,Password,Email,Nome,[DataNascimento],Tipo) VALUES ('sara','fb4e529ea6b9320c8bd32577f78a7fdf','saraa@gmail.com','Sara Felicidade da Silva','1997-1-6','Aluno')							
INSERT INTO Utilizador (Username,Password,Email,Nome,[DataNascimento],Tipo) VALUES ('micaela','73188d55afc05b6389bdbea6a55a9f4b','micaela@hotmail.com','Micaela Mota da Silva','1990-1-1','Aluno')							
INSERT INTO Utilizador (Username,Password,Email,Nome,[DataNascimento],Tipo) VALUES ('diogo','bee70bb35b38a71d2866d64684f098b6','diogo@gmail.com','José Diogo Antunes','1995-9-17','Aluno')							
INSERT INTO Utilizador (Username,Password,Email,Nome,[DataNascimento],Tipo) VALUES ('ines','df2bc83f7d56b6b498341a3b917e6900','ines@gmail.com','Inês Azevedo','1994-11-22','Aluno')							
INSERT INTO Utilizador (Username,Password,Email,Nome,[DataNascimento],Tipo) VALUES ('elisa','ce1244c680737860cfe27dab96b575f1','elisa@hotmail.com','Maria Elisa Amaro da Costa','1997-8-1','Aluno')							
INSERT INTO Utilizador (Username,Password,Email,Nome,[DataNascimento],Tipo) VALUES ('gabriela','4faebf576c9566de91adaee3ded91190','gabi@gmail.com','Gabriela Pereira da Costa','1998-7-6','Aluno')							
INSERT INTO Utilizador (Username,Password,Email,Nome,[DataNascimento],Tipo) VALUES ('isabel','a46446058f21d99a5e14eb88c5d6f9e9','isabel@hotmail.com','Maria Isabel Azevedo Bacelar','1998-3-6','Aluno')							
INSERT INTO Utilizador (Username,Password,Email,Nome,[DataNascimento],Tipo) VALUES ('gabriel','e5c634996a71021ec6f72734288c9365','gabriel@gmail.com','Gabriel Bandeira','1996-6-23','Aluno')							

INSERT INTO Receita(Nome, Porcao, Imagem,InfoNutricional,Dificuldade,Descricao,TempoConfecao,UtilizadorUsername) VALUES('Mousse de limão',8,'http://data.whicdn.com/images/78859362/large.jpg','Existem 113 calorias em 1 pedaço de Mousse de Limão.Repartição das Calorias: 19% gord, 75% carbs, 5% prot.','Muito Fácil','Coloque o creme de leite e o leite condensado no liquidificador, bata um pouco e acrescente o suco de limão aos poucos. Quando a massa ficar consistente, coloque em um recipiente de vidro e leva à geladeira.','00h25','anna')
INSERT INTO Receita(Nome, Porcao, Imagem,InfoNutricional,Dificuldade,Descricao,TempoConfecao,UtilizadorUsername) VALUES('Bolo de bolacha',6,'https://cdn.teleculinaria.pt/wp-content/uploads/2016/10/Bolo-de-bolacha-molhadinho-CHLM-19-600x437.jpg','Existem 345 calorias em Bolo de Bolacha (1 fatia). Repartição das Calorias: 48% líp, 48% carbs, 4% prot.','Difícil','Demolhe as folhas de gelatina em água fria. Num tacho disponha o leite, a farinha maizena, o açúcar, e 6 gemas, misture bem e leve ao lume até engrossar, mexendo sempre. Depois retire, verta para uma tigela e deixe arrefecer.Escorras as folhas de gelatina e leve ao micro-ondas a derreter. Adicione ao preparado anterior e envolva.Bata as natas em chantili bem firme. À parte bata 4 claras em castelo e junte às natas e envolva com o preparado anterior.Forre uma forma de bolo com película aderente. Disponha camadas alternadas de creme e bolachas passadas levemente pelo café. Repita as camadas até terminarem os ingredientes. Leve depois ao frio até solidificar, retire, desenforme, polvilhe com cacau em pó e sirva decorado a gosto.','00h30','antonio2')
INSERT INTO Receita(Nome, Porcao, Imagem,InfoNutricional,Dificuldade,Descricao,TempoConfecao,UtilizadorUsername) VALUES('Arroz doce',6,'https://cdn.teleculinaria.pt/wp-content/uploads/2015/12/ArrozDoceCremoso-1-600x397.jpg','Existem 392 calorias em Arroz Doce (1 chávena).Repartição das Calorias: 15% líp, 79% carbs, 6% prot.','Fácil','Para preparar este arroz doce, deite a água para um tacho, junte a manteiga, a pitada de sal, a casca de limão e o pau de canela, leve ao lume e deixe começar a ferver. Junte o arroz e deixe cozer, mexendo de vez em quando, até que fique quase sem água.Num tacho à parte, aqueça o leite. Vá depois adicionando o leite ao tacho do arroz, aos poucos e mexendo de vez em quando, e deixe cozer o arroz até ficar macio e bem cremoso. Junte depois o açúcar, mexa e deixe ferver mais 5 minutos.Numa tigela, bata as gemas, adicione um pouco do arroz do tacho, mexendo até ficar morno. Adicione depois ao tacho mexendo sempre, retire do lume, rejeite a casca de limão e o pau de canela, verta para uma tigela e deixe arrefecer. Na hora de servir, polvilhe com canela.','00h40','maria20')
INSERT INTO Receita(Nome, Porcao, Imagem,InfoNutricional,Dificuldade,Descricao,TempoConfecao,UtilizadorUsername) VALUES('Bolo gelado de coco com fruta',10,'https://cdn.teleculinaria.pt/wp-content/uploads/2018/08/bolo-gelado-de-coco-com-fruta-600x412.jpg','Existem 235 calorias em Bolo de Coco (1 pedaço).Repartição das Calorias: 26% gord, 70% carbs, 5% prot.','Médio','Polvilhe uma forma grande, de fundo amovível, com parte do coco ralado até cobrir o fundo. Descasque os kiwis, lave-os, corte-os em pedaços e reduza-os a puré.Numa tigela, bata as natas até ficarem firmes, acrescente-lhes o puré de kiwi e o restante coco e mexa. À parte, bata bem 4 ovos com o açúcar e adicione-os ao preparado anterior. Leve ao congelador durante 1 hora.Após o tempo indicado, retire a mistura do congelador e incorpore 2 claras, previamente batidas em castelo, e os frutos vermelhos inteiros. Deite metade do creme na forma e espalhe por cima os pães-de-leite partidos em pedaços. Cubra com a restante mistura e leve ao congelador até ficar bem solidificado.Quando faltarem 10 minutos para servir, retire a sobremesa do congelador e desenforme, deixando a cobertura de coco virada para cima. Decore com frutos vermelhos e a rodela de kiwi e sirva de imediato','01h30','maria20')
INSERT INTO Receita(Nome, Porcao, Imagem,InfoNutricional,Dificuldade,Descricao,TempoConfecao,UtilizadorUsername) VALUES('Gelado de pêssego',10,'https://cdn.teleculinaria.pt/wp-content/uploads/2018/07/gelado-de-pessego-600x436.jpg','Existem 59 calorias em 1 fatia de gelado de pêssego.Repartição das Calorias: 7% líp, 90% carbs, 3% prot.','Fácil','Descasque os pêssegos e corte-os em pequenos pedaços.Coloque-os numa picadora.Adicione o sumo de limão, a essência de baunilha e o mel.Junte o iogurte.Coloque a tampa no aparelho e ligue até obter um creme homogéneo.Deite numa forma metálica e leve ao congelador por cerca de 3 a 4 horas. Retire o gelado do congelador quando faltarem 15 minutos para servir.','00h50','antonio2')
INSERT INTO Receita(Nome, Porcao, Imagem,InfoNutricional,Dificuldade,Descricao,TempoConfecao,UtilizadorUsername) VALUES('Folhados de chocolate',12,'https://cdn.teleculinaria.pt/wp-content/uploads/2018/07/folhados-de-chocolate-600x384.jpg','Existem 237 calorias em um Folhado de chocolate.Repartição das Calorias: 51% líp, 41% carbs, 8% prot.','Fácil','Num tacho, leve ao lume as natas com o açúcar e deixe ferver. Retire do lume, junte o chocolate previamente picado e mexa bem. Deixe arrefecer, divida em 12 partes e leve ao congelador.Numa superfície plana, estique a massa folhada e corte-a em 12 retângulos. Pincele a massa à volta com água e disponha um pouco do preparado do chocolate, sobre cada retângulo.Dobre a massa de modo a fechar e pincele-a por cima com uma gema, misturada com 2 colheres de leite. Coloque num tabuleiro previamente polvilhado com farinha. Repita a operação até acabar.Leve ao forno pré-aquecido a 220ºc até que fique douradinho. Retire do forno, descole, polvilhe com açúcar em pó e sirva decorado a gosto.','01h40','anna')
INSERT INTO Receita(Nome, Porcao, Imagem,InfoNutricional,Dificuldade,Descricao,TempoConfecao,UtilizadorUsername) VALUES('Suspiro com frutos vermelhos e iogurtes grego',6,'http://www.musculacao.net/wp-content/uploads/2014/10/Mingau-de-aveia-com-queijo-fresco.jpg','Existem 371 calorias em Suspiro (100 g).Repartição das Calorias: 0% líp, 99% carbs, 1% prot.','Médio','Coloque as claras e uma pitada de sal numa tigela grande, tipo pirex, leve-as ao lume, em banho-maria, e bata-as em castelo.Adicione o açúcar aos poucos e, quando este estiver bem dissolvido, retire a tigela do lume. Junte a farinha maisena e o vinagre, sem parar de bater.Forre um tabuleiro com papel vegetal, deite nele as claras em monte e leve ao forno, pré-aquecido a 140ºc, durante 1 hora e 30 minutos. Desligue o forno e deixe o suspiro arrefecer no interior.Lave a fruta e seque-a com papel absorvente. Retire o pé aos morangos e corte-os em pedaços. Com uma faca de serrilha, corte uma tampa ao suspiro já frio. Retire um pouco do interior com uma colher e recheie com o iogurte e a fruta. Leve ao frio, durante algumas horas, antes de servir.','03h00','maria20')
INSERT INTO Receita(Nome, Porcao, Imagem,InfoNutricional,Dificuldade,Descricao,TempoConfecao,UtilizadorUsername) VALUES('Brigadeiro',30,'https://img.itdg.com.br/tdg/images/recipes/000/000/114/9729/9729_original.jpg?mode=crop&width=710&height=400','Existem 68 calorias em Brigadeiro (1 unidade).Repartição das Calorias: 30% gord, 63% carbs, 8% prot.','Muito Fácil','Misture o leite condensado, a manteiga, o creme de leite e o chocolate em pó em uma panela. Leve a panela ao fogo, mexa bem até levantar um pouco de fervura e abaixe o fogo. Deixe arrefecer e faça pequenas bolas com a mão passando a massa no chocolate granulado.','00h25','anna')
INSERT INTO Receita(Nome, Porcao, Imagem,InfoNutricional,Dificuldade,Descricao,TempoConfecao,UtilizadorUsername) VALUES('Panacotta',6,'https://cdn.teleculinaria.pt/wp-content/uploads/2018/04/panacotta-600x427.jpg','Existem 223 calorias em Panna Cotta (100 g).Repartição das Calorias: 53% líp, 45% carbs, 2% prot.','Fácil','Demolhe as folhas de gelatina em água. Num tacho, deite as natas, o leite condensado e a vagem de baunilha aberta ao meio e com as sementes, mexa e leve ao lume, mexendo de vez em quando, até ferver.Retire do lume, passe pelo passador de rede, junte as folhas de gelatina escorridas e mexa bem até dissolver.Unte uma forma com óleo, verta-lhe a mistura anterior e leve ao frio até solidificar. Depois desenforme com cuidado e sirva regado com a compota e decorado com folhas de hortelã.','1h10','antonio2')
INSERT INTO Receita(Nome, Porcao, Imagem,InfoNutricional,Dificuldade,Descricao,TempoConfecao,UtilizadorUsername) VALUES('Doce de ovos com laranjas',5,'https://cdn.teleculinaria.pt/wp-content/uploads/2019/04/Doce-de-ovos-com-laranja-CHFB-11-600x401.jpg','Existem 49 calorias em Doce de Laranja.Repartição das Calorias: 0% líp, 100% carbs, 0% prot','Fácil','Num tacho, bata ligeiramente os ovos com o açúcar branco e reserve. Dissolva a farinha maisena no sumo de laranja, envolva no preparado anterior e leve o tacho a lume brando, mexendo continuamente, até engrossar e sem deixar ferver. Por fim, acrescente a manteiga e mexa rapidamente. Deite o doce numa tigela ou prato largo, deixe-o arrefecer um pouco e leve-o ao frigorífico. No momento de servir, polvilhe-o com o açúcar demerara ou mascavado e queime com um maçarico de cozinha.','1h00','maria20')
INSERT INTO Receita(Nome, Porcao, Imagem,InfoNutricional,Dificuldade,Descricao,TempoConfecao,UtilizadorUsername) VALUES('Tarte de lamego',8,'https://cdn.teleculinaria.pt/wp-content/uploads/2019/04/Tarte-de-Lamego-CHSB-14-600x400.jpg','Existem 307 calorias em Tarte de Amêndoa (1 fatia).Repartição das Calorias: 53% líp, 40% carbs, 8% prot.','Fácil','Leve ao lume um tacho com a água e o açúcar, deixe ferver até obter uma calda transparente, depois retire do lume e deixe amornar ligeiramente.Passe 6 gemas e 3 ovos por um passador de rede fina, adicione-lhes a amêndoa e misture. Por fim, acrescente a calda anterior, em fio e mexendo sempre, até obter um preparado homogéneo e sem grumos.Forre uma tarteira 24 cm de diâmetro com a massa, mantendo por baixo o papel vegetal que a acompanha. Recheie com a mistura anterior e leve ao forno, pré-aquecido a 180ºc, durante cerca de 30 minutos. Retire, deixe arrefecer, desenforme e polvilhe com açúcar em pó','01h40','anna')
INSERT INTO Receita(Nome, Porcao, Imagem,InfoNutricional,Dificuldade,Descricao,TempoConfecao,UtilizadorUsername) VALUES('Éclairs de avelã',6,'https://cdn.teleculinaria.pt/wp-content/uploads/2018/06/eclairs-de-avela-600x403.jpg','Existem 174 calorias em Eclair (1 unidade).Repartição das Calorias: 65% líp, 25% carbs, 10% prot.','Médio','Prepare a massa: leve ao lume um tacho com a água, a manteiga e o sal e deixe ferver. Junte a farinha, em chuva, mexendo sempre até a massa se descolar do tacho. Retire do lume, coloque numa tigela e deixe arrefecer.Junte 6 ovos, um a um e amassando sempre num movimento de abrir e fechar as mãos. Disponha num saco de pasteleiro e, sobre um tabuleiro previamente untado com manteiga, forme os éclairs. Leve ao forno, pré-aquecido a 180ºc, durante 40 minutos.Prepare o recheio: numa tigela, misture a farinha maisena com o açúcar. Tritue a avelã e junte-a a 8 gemas e mexa. Adicione o leite a ferver, em fio e mexendo sempre. Coloque tudo num tacho e leve ao lume, até engrossar, depois retire e deixe arrefecer.Prepare a cobertura: ferva as natas e deite-as sobre o chocolate, previamente picado e misturado com o açúcar em pó. Mexa bem, até obter um creme. Dê um corte lateral nos éclairs e recheie-os com o creme de avelã. Cubra com o molho de chocolate e polvilhe com açúcar em pó.','02h00','antonio2')
INSERT INTO Receita(Nome, Porcao, Imagem,InfoNutricional,Dificuldade,Descricao,TempoConfecao,UtilizadorUsername) VALUES('Cheesecake com mirtilos',8,'https://cdn.teleculinaria.pt/wp-content/uploads/2016/09/Cheesecake-com-Mirtilos-TC_003.jpg','Existem 257 calorias em Cheesecake (1 pedaço).Repartição das Calorias: 62% gord, 31% carbs, 7% prot.','Fácil','Faça o molho: deite os mirtilos num tacho, junte o açúcar, misture e leve ao lume brando, mexendo de vez em quando, até ficar com a textura de compota, retire do lume e deixe arrefecer.Triture as bolachas até ficarem em pó e deite numa tigela. Derreta a margarina, adicione à tigela e envolva até obter um género de areia grossa. Deite numa forma de fundo amovível, pressione de modo a forrar bem o fundo e unte as laterais com óleo. Demolhe as folhas de gelatina em água. Numa tigela, bata o leite condensado com o queijo-creme e, numa tigela à parte, bata as natas em chantili bem firme. Escorra as folhas de gelatina, leve-as a derreter no microondas sem deixar ferver, adicione à tigela do leite condensado, mexa, depois junte o chantili e envolva. Deite na forma por cima da base de bolacha, alise, leve ao frio e deixe solidificar. Na forma de servir, desenforme e regue com o doce de mirtilos.','01h00','maria20')
INSERT INTO Receita(Nome, Porcao, Imagem,InfoNutricional,Dificuldade,Descricao,TempoConfecao,UtilizadorUsername) VALUES('Bolo de cenoura com cobertura de chocolate',7,'https://cdn.teleculinaria.pt/wp-content/uploads/2017/03/bolo-de-cenoura-com-calda-de-chocolate-600x390.png','Existem 302 calorias em Bolo de Cenoura com Cobertura de Chocolate (1 fatia).Repartição das Calorias: 42% gord, 54% carbs, 4% prot.','Fácil','Ligue o forno a 180ºC, barre uma forma com margarina e polvilhe-a com farinha. Corte as cenouras em pedaços pequenos, deite-os no liquidificador, junte os ovos, o açúcar, o leite e o óleo, ligue e deixe bater durante 4 minutos.Deite a mistura anterior para uma tigela, adicione a farinha e o fermento e bata bem. Depois verta na forma e leve ao forno durante cerca de 40 minutos ou até ficar bem cozido, espete um palito para verificar, retire, deixe arrefecer um pouco, desenforme e deixe arrefecer totalmente.Prepare a calda: deite o chocolate em pó para um tacho, junte as natas e a margarina e leve ao lume, mexendo sempre até ficar uma calda cremosa. Retire do lume, deixe arrefecer, regue o bolo, e sirva decorado a gosto.','01h00','antonio2')
INSERT INTO Receita(Nome, Porcao, Imagem,InfoNutricional,Dificuldade,Descricao,TempoConfecao,UtilizadorUsername) VALUES('Pão de ló',8,'https://cdn.teleculinaria.pt/wp-content/uploads/2018/10/pao-de-lo.jpg','Existem 187 calorias em Pão-de-Ló.Repartição das Calorias: 13% gord, 77% carbs, 10% prot.','Muito Fácil','Começar por ligar o forno e depois, numa taça ,separar os ovos.Bater as claras em castelo e reservar. Bater as gemas com o açúcar até obter um creme asbranquiçado.Juntar alternadamente a farinha e as claras.Barrar e polvilhar uma forma com chaminé,verter a massa,e levar ao forno a 180º.','00h40','anna')
INSERT INTO Receita(Nome, Porcao, Imagem,InfoNutricional,Dificuldade,Descricao,TempoConfecao,UtilizadorUsername) VALUES('Tiramissu de laranja',6,'https://cdn.teleculinaria.pt/wp-content/uploads/2019/04/Tiramisu-de-Laranja-CHSB-13.jpg','Existem 283 calorias em Tiramisu (100 g). Repartição das Calorias: 58% líp, 35% carbs, 7% prot.','Fácil','Basta misturar o coco ralado com o leite condensado e colocar bolinhas com a ajuda de uma colher em uma forma forrada com papel manteiga. Depois, leve para assar em um forno pré-aquecido a 180 graus por 10 ou 12 minutos ou até que as bolinhas fiquem levemente douradas.','01h00','maria20')
INSERT INTO Receita(Nome, Porcao, Imagem,InfoNutricional,Dificuldade,Descricao,TempoConfecao,UtilizadorUsername) VALUES('Muffins de chocolate',8,'https://pt.petitchef.com/imgupl/recipe/muffins-de-chocolate--53318p67805.jpg','Existem 114 calorias em 1 porção de Muffin de Chocolate.Repartição das Calorias: 48% gord, 48% carbs, 4% prot.','Fácil','Numa tigela à parte, bata as gemas com o açúcar, até obter um creme fofo e esbranquiçado, depois junte o queijo mascarpone e misture bem. Por fim, adicione as claras, batidas em castelo, e envolva delicadamente.Demolhe os palitos no sumo de laranja, disponha metade no fundo de uma taça de vidro, cubra com metade do creme e metade da laranja, previamente descascada e cortada em cubinhos.Repita as camadas anteriores e leve ao frio até servir.','00h45','anna')
INSERT INTO Receita(Nome, Porcao, Imagem,InfoNutricional,Dificuldade,Descricao,TempoConfecao,UtilizadorUsername) VALUES('Mousse de Chocolate',6,'https://cdn.teleculinaria.pt/wp-content/uploads/2016/05/Mouse-chocolate-cl%C3%A1ssica-CHLM-10.jpg','Existem 355 calorias em Mousse de Chocolate (1 chávena).Repartição das Calorias: 63% líp, 30% carbs, 8% prot.','Fácil',' Parta o chocolate em pedaços e derreta-o, em banho-maria, juntamente com a manteiga. Retire e misture bem. Bata as gemas com o açúcar, adicione o vinho do porto e misture com o chocolate. Bata as claras em castelo e envolva com a mousse, mexendo cuidadosamente de baixo para cima. Leve ao frio cerca de 20 a 30 minutos. Elabore a mousse.Prepare a cobertura: bata 3 claras em castelo, polvilhando aos poucos com o açúcar.Depois de frio, corte o bolo ao meio, no sentido horizontal, e recheie com metade da mousse. Coloque novamente a parte superior e barre todo o bolo com a restante mousse. De seguida, cubra com as claras batidas. ','00h25','maria20')
INSERT INTO Receita(Nome, Porcao, Imagem,InfoNutricional,Dificuldade,Descricao,TempoConfecao,UtilizadorUsername) VALUES('Bolo de mousse',6,'https://cdn.teleculinaria.pt/wp-content/uploads/2018/10/bolo-mousse-de-natal-600x400.jpg','Existem 185 calorias em 1 fatia de Bolo Mousse.Repartição das Calorias: 44% gord, 50% carbs, 6% prot.','Difícil','Bata 5 ovos com 250g açúcar até obter um creme fofo. Junte a farinha aos poucos e misture bem. Verta para uma forma redonda, previamente untada com manteiga e polvilhada com farinha, e leve ao forno, pré-aquecido a 180ºc, durante 25 minutos. Elabore a mousse.Prepare a cobertura: bata 3 claras em castelo, polvilhando aos poucos com o açúcar.Depois de frio, corte o bolo ao meio, no sentido horizontal, e recheie com metade da mousse. Coloque novamente a parte superior e barre todo o bolo com a restante mousse. De seguida, cubra com as claras batidas. ','02h30','maria20')
INSERT INTO Receita(Nome, Porcao, Imagem,InfoNutricional,Dificuldade,Descricao,TempoConfecao,UtilizadorUsername) VALUES('Pudim',6,'https://cdn.teleculinaria.pt/wp-content/uploads/2017/08/pudim-flan-tradicional.png','Existem 225 calorias em Pudim de Ovos (100 g).Repartição das Calorias: 16% líp, 75% carbs, 9% prot.','Fácil','Deite o leite consensado num recepiente, junte os ovos e o leite e bata durante 1 minuto. Unte uma forma de buraco com a margarina, verta-lhe a mistura e reserve.','01h00','maria20')
INSERT INTO Receita(Nome, Porcao, Imagem,InfoNutricional,Dificuldade,Descricao,TempoConfecao,UtilizadorUsername) VALUES('Bolo de pudim',8,'https://cdn.teleculinaria.pt/wp-content/uploads/2015/04/Bolo_de_Pudim_11_D.jpg','Existem 132 calorias em 1 porção de Bolo Pudim.Repartição das Calorias: 19% gord, 42% carbs, 39% prot.','Difícil','Comece por preparar o pudim. Junte 4 ovos e 150g de açucar e bata durante 4 minutos.Adicione o óleo e a farinha e ligue mais 10 segundos.Verta cuidadosamente a mistura anterior na forma, sobre o preparado do pudim, e leve ao forno pré-aquecido a 180°C, em banho-maria, durante 40 minutos ou até que fique cozido. Depois retire do forno, deixe arrefecer no banho-maria, desenforme e sirva.','01h80','maria20')

INSERT INTO Ingrediente(Nome) VALUES(' leite condensado')
INSERT INTO Ingrediente(Nome) VALUES(' creme de leite')
INSERT INTO Ingrediente(Nome) VALUES(' limão')
INSERT INTO Ingrediente(Nome) VALUES(' bolacha maria')
INSERT INTO Ingrediente(Nome) VALUES(' açucar')
INSERT INTO Ingrediente(Nome) VALUES(' farinha maizena')
INSERT INTO Ingrediente(Nome) VALUES(' ovos')
INSERT INTO Ingrediente(Nome) VALUES(' natas')
INSERT INTO Ingrediente(Nome) VALUES(' leite')
INSERT INTO Ingrediente(Nome) VALUES(' folhas de gelatina')
INSERT INTO Ingrediente(Nome) VALUES(' cacau em pó')
INSERT INTO Ingrediente(Nome) VALUES(' película aderente')
INSERT INTO Ingrediente(Nome) VALUES(' arroz')
INSERT INTO Ingrediente(Nome) VALUES(' água')
INSERT INTO Ingrediente(Nome) VALUES(' manteiga')
INSERT INTO Ingrediente(Nome) VALUES(' canela')
INSERT INTO Ingrediente(Nome) VALUES(' sal')
INSERT INTO Ingrediente(Nome) VALUES(' canela em pó')
INSERT INTO Ingrediente(Nome) VALUES(' kiwis')
INSERT INTO Ingrediente(Nome) VALUES(' pães de leite')
INSERT INTO Ingrediente(Nome) VALUES(' coco ralado')
INSERT INTO Ingrediente(Nome) VALUES(' frutos vermelhos')
INSERT INTO Ingrediente(Nome) VALUES(' pêssegos')
INSERT INTO Ingrediente(Nome) VALUES(' iogurte grego')
INSERT INTO Ingrediente(Nome) VALUES(' mel')
INSERT INTO Ingrediente(Nome) VALUES(' sumo de limão')
INSERT INTO Ingrediente(Nome) VALUES(' baunilha')
INSERT INTO Ingrediente(Nome) VALUES(' massa folhada')
INSERT INTO Ingrediente(Nome) VALUES(' chocolate')
INSERT INTO Ingrediente(Nome) VALUES(' ovo')
INSERT INTO Ingrediente(Nome) VALUES(' açucar em pó')
INSERT INTO Ingrediente(Nome) VALUES(' farinha')
INSERT INTO Ingrediente(Nome) VALUES(' iogurte grego açucarado')
INSERT INTO Ingrediente(Nome) VALUES(' farinha maisena')
INSERT INTO Ingrediente(Nome) VALUES(' vinagre de vinho branco')
INSERT INTO Ingrediente(Nome) VALUES(' sal fino')
INSERT INTO Ingrediente(Nome) VALUES(' chocolate em pó')
INSERT INTO Ingrediente(Nome) VALUES(' compota')
INSERT INTO Ingrediente(Nome) VALUES(' óleo')
INSERT INTO Ingrediente(Nome) VALUES(' hortelã')
INSERT INTO Ingrediente(Nome) VALUES(' açucar branco')
INSERT INTO Ingrediente(Nome) VALUES(' sumo de laranja natural')
INSERT INTO Ingrediente(Nome) VALUES(' manteiga sem sal')
INSERT INTO Ingrediente(Nome) VALUES(' açucar mascavado')
INSERT INTO Ingrediente(Nome) VALUES(' amêndoa em pó')
INSERT INTO Ingrediente(Nome) VALUES(' miolo de avelã')
INSERT INTO Ingrediente(Nome) VALUES(' queijo creme')
INSERT INTO Ingrediente(Nome) VALUES(' margarina')
INSERT INTO Ingrediente(Nome) VALUES(' mirtilos')
INSERT INTO Ingrediente(Nome) VALUES(' cenoura')
INSERT INTO Ingrediente(Nome) VALUES(' fermento em pó')
INSERT INTO Ingrediente(Nome) VALUES(' laranjas')
INSERT INTO Ingrediente(Nome) VALUES(' queijo mascarpone')
INSERT INTO Ingrediente(Nome) VALUES(' palitos la reine')
INSERT INTO Ingrediente(Nome) VALUES(' sumo de laranja')
INSERT INTO Ingrediente(Nome) VALUES(' chocolate de culinária')
INSERT INTO Ingrediente(Nome) VALUES(' açucar amarelo')
INSERT INTO Ingrediente(Nome) VALUES(' vinho do porto')

INSERT INTO ReceitaAuxiliar(Id) VALUES(20)
INSERT INTO ReceitaAuxiliar(Id) VALUES(18)

INSERT INTO Receita_ReceitaAuxiliar(ReceitaId,ReceitaAuxiliarId,Passo) VALUES(21,20,1)
INSERT INTO Receita_ReceitaAuxiliar(ReceitaId,ReceitaAuxiliarId,Passo) VALUES(19,18,4)

INSERT INTO Receita_Ingrediente(ReceitaId, IngredienteId, Quantidade) VALUES(1,1,'1 lata ')
INSERT INTO Receita_Ingrediente(ReceitaId, IngredienteId, Quantidade) VALUES(1,2,' 1 lata ')
INSERT INTO Receita_Ingrediente(ReceitaId, IngredienteId, Quantidade) VALUES(1,3,' 1 ')
INSERT INTO Receita_Ingrediente(ReceitaId, IngredienteId, Quantidade) VALUES(2,4,'300g ')
INSERT INTO Receita_Ingrediente(ReceitaId, IngredienteId, Quantidade) VALUES(2,5,' 150g ')
INSERT INTO Receita_Ingrediente(ReceitaId, IngredienteId, Quantidade) VALUES(2,6,' 40g ')
INSERT INTO Receita_Ingrediente(ReceitaId, IngredienteId, Quantidade) VALUES(2,7,' 6 ')
INSERT INTO Receita_Ingrediente(ReceitaId, IngredienteId, Quantidade) VALUES(2,8,' 4 dl ')
INSERT INTO Receita_Ingrediente(ReceitaId, IngredienteId, Quantidade) VALUES(2,9,' 2dl ')
INSERT INTO Receita_Ingrediente(ReceitaId, IngredienteId, Quantidade) VALUES(2,10,' 4 ')
INSERT INTO Receita_Ingrediente(ReceitaId, IngredienteId, Quantidade) VALUES(2,11,' q.b ')
INSERT INTO Receita_Ingrediente(ReceitaId, IngredienteId, Quantidade) VALUES(2,12,' q.b ')
INSERT INTO Receita_Ingrediente(ReceitaId, IngredienteId, Quantidade) VALUES(3,13,'300g ')
INSERT INTO Receita_Ingrediente(ReceitaId, IngredienteId, Quantidade) VALUES(3,5,' 350g ')
INSERT INTO Receita_Ingrediente(ReceitaId, IngredienteId, Quantidade) VALUES(3,9,' 2l ')
INSERT INTO Receita_Ingrediente(ReceitaId, IngredienteId, Quantidade) VALUES(3,7,' 6 ')
INSERT INTO Receita_Ingrediente(ReceitaId, IngredienteId, Quantidade) VALUES(3,14,' 6dl ')
INSERT INTO Receita_Ingrediente(ReceitaId, IngredienteId, Quantidade) VALUES(3,15,' 1 colher(sopa) ')
INSERT INTO Receita_Ingrediente(ReceitaId, IngredienteId, Quantidade) VALUES(3,3,' 1 casca ')
INSERT INTO Receita_Ingrediente(ReceitaId, IngredienteId, Quantidade) VALUES(3,16,' 1 pau ')
INSERT INTO Receita_Ingrediente(ReceitaId, IngredienteId, Quantidade) VALUES(3,17,' q.b ')
INSERT INTO Receita_Ingrediente(ReceitaId, IngredienteId, Quantidade) VALUES(3,18,' q.b ')
INSERT INTO Receita_Ingrediente(ReceitaId, IngredienteId, Quantidade) VALUES(4,19,'5 ')
INSERT INTO Receita_Ingrediente(ReceitaId, IngredienteId, Quantidade) VALUES(4,20,' 6 ')
INSERT INTO Receita_Ingrediente(ReceitaId, IngredienteId, Quantidade) VALUES(4,7,' 6 ')
INSERT INTO Receita_Ingrediente(ReceitaId, IngredienteId, Quantidade) VALUES(4,5,' 250g ')
INSERT INTO Receita_Ingrediente(ReceitaId, IngredienteId, Quantidade) VALUES(4,21,' 100g ')
INSERT INTO Receita_Ingrediente(ReceitaId, IngredienteId, Quantidade) VALUES(4,22,' 150g ')
INSERT INTO Receita_Ingrediente(ReceitaId, IngredienteId, Quantidade) VALUES(4,8,' 400ml ')
INSERT INTO Receita_Ingrediente(ReceitaId, IngredienteId, Quantidade) VALUES(5,23,'300g ')
INSERT INTO Receita_Ingrediente(ReceitaId, IngredienteId, Quantidade) VALUES(5,24,' 250g ')
INSERT INTO Receita_Ingrediente(ReceitaId, IngredienteId, Quantidade) VALUES(5,25,' 5 colheres(sopa) ')
INSERT INTO Receita_Ingrediente(ReceitaId, IngredienteId, Quantidade) VALUES(5,26,' 2 colheres(sopa) ')
INSERT INTO Receita_Ingrediente(ReceitaId, IngredienteId, Quantidade) VALUES(5,27,' 1 colher(chá) ')
INSERT INTO Receita_Ingrediente(ReceitaId, IngredienteId, Quantidade) VALUES(6,28,'400g ')
INSERT INTO Receita_Ingrediente(ReceitaId, IngredienteId, Quantidade) VALUES(6,5,' 100g ')
INSERT INTO Receita_Ingrediente(ReceitaId, IngredienteId, Quantidade) VALUES(6,8,' 2dl ')
INSERT INTO Receita_Ingrediente(ReceitaId, IngredienteId, Quantidade) VALUES(6,29,' 2 barras ')
INSERT INTO Receita_Ingrediente(ReceitaId, IngredienteId, Quantidade) VALUES(6,30,' 1 ')
INSERT INTO Receita_Ingrediente(ReceitaId, IngredienteId, Quantidade) VALUES(6,9,' 2 colheres(sopa) ')
INSERT INTO Receita_Ingrediente(ReceitaId, IngredienteId, Quantidade) VALUES(6,31,' q.b ')
INSERT INTO Receita_Ingrediente(ReceitaId, IngredienteId, Quantidade) VALUES(6,32,' q.b ')
INSERT INTO Receita_Ingrediente(ReceitaId, IngredienteId, Quantidade) VALUES(7,22,'350g ')
INSERT INTO Receita_Ingrediente(ReceitaId, IngredienteId, Quantidade) VALUES(7,5,' 350g ')
INSERT INTO Receita_Ingrediente(ReceitaId, IngredienteId, Quantidade) VALUES(7,33,' 250g ')
INSERT INTO Receita_Ingrediente(ReceitaId, IngredienteId, Quantidade) VALUES(7,7,' 8 ')
INSERT INTO Receita_Ingrediente(ReceitaId, IngredienteId, Quantidade) VALUES(7,34,' 2 colheres(sopa) ')
INSERT INTO Receita_Ingrediente(ReceitaId, IngredienteId, Quantidade) VALUES(7,35,' 1 colher(sopa) ')
INSERT INTO Receita_Ingrediente(ReceitaId, IngredienteId, Quantidade) VALUES(7,36,' q.b ')
INSERT INTO Receita_Ingrediente(ReceitaId, IngredienteId, Quantidade) VALUES(8,1,'1 lata ')
INSERT INTO Receita_Ingrediente(ReceitaId, IngredienteId, Quantidade) VALUES(8,15,' 1 colher(sopa) ')
INSERT INTO Receita_Ingrediente(ReceitaId, IngredienteId, Quantidade) VALUES(8,37,' 4 colheres(sopa) ')
INSERT INTO Receita_Ingrediente(ReceitaId, IngredienteId, Quantidade) VALUES(9,1,'1 lata ')
INSERT INTO Receita_Ingrediente(ReceitaId, IngredienteId, Quantidade) VALUES(9,8,' 5dl ')
INSERT INTO Receita_Ingrediente(ReceitaId, IngredienteId, Quantidade) VALUES(9,38,' 3dl ')
INSERT INTO Receita_Ingrediente(ReceitaId, IngredienteId, Quantidade) VALUES(9,10,' 8 ')
INSERT INTO Receita_Ingrediente(ReceitaId, IngredienteId, Quantidade) VALUES(9,27,' 1 vagem ')
INSERT INTO Receita_Ingrediente(ReceitaId, IngredienteId, Quantidade) VALUES(9,39,' q.b ')
INSERT INTO Receita_Ingrediente(ReceitaId, IngredienteId, Quantidade) VALUES(9,40,' q.b ')
INSERT INTO Receita_Ingrediente(ReceitaId, IngredienteId, Quantidade) VALUES(10,41,'400g ')
INSERT INTO Receita_Ingrediente(ReceitaId, IngredienteId, Quantidade) VALUES(10,7,' 12 ')
INSERT INTO Receita_Ingrediente(ReceitaId, IngredienteId, Quantidade) VALUES(10,42,' 400ml ')
INSERT INTO Receita_Ingrediente(ReceitaId, IngredienteId, Quantidade) VALUES(10,34,' 2 colheres(sopa) ')
INSERT INTO Receita_Ingrediente(ReceitaId, IngredienteId, Quantidade) VALUES(10,43,' 1 colher(sopa) ')
INSERT INTO Receita_Ingrediente(ReceitaId, IngredienteId, Quantidade) VALUES(10,44,' q.b ')
INSERT INTO Receita_Ingrediente(ReceitaId, IngredienteId, Quantidade) VALUES(11,28,'1 embalagem ')
INSERT INTO Receita_Ingrediente(ReceitaId, IngredienteId, Quantidade) VALUES(11,5,' 400g ')
INSERT INTO Receita_Ingrediente(ReceitaId, IngredienteId, Quantidade) VALUES(11,45,' 160g ')
INSERT INTO Receita_Ingrediente(ReceitaId, IngredienteId, Quantidade) VALUES(11,7,' 6 ')
INSERT INTO Receita_Ingrediente(ReceitaId, IngredienteId, Quantidade) VALUES(11,14,' 200ml ')
INSERT INTO Receita_Ingrediente(ReceitaId, IngredienteId, Quantidade) VALUES(11,31,' q.b ')
INSERT INTO Receita_Ingrediente(ReceitaId, IngredienteId, Quantidade) VALUES(12,32,'350g ')
INSERT INTO Receita_Ingrediente(ReceitaId, IngredienteId, Quantidade) VALUES(12,15,' 80g ')
INSERT INTO Receita_Ingrediente(ReceitaId, IngredienteId, Quantidade) VALUES(12,14,' 500ml ')
INSERT INTO Receita_Ingrediente(ReceitaId, IngredienteId, Quantidade) VALUES(12,7,' 14 ')
INSERT INTO Receita_Ingrediente(ReceitaId, IngredienteId, Quantidade) VALUES(12,17,' q.b ')
INSERT INTO Receita_Ingrediente(ReceitaId, IngredienteId, Quantidade) VALUES(12,5,' 200g ')
INSERT INTO Receita_Ingrediente(ReceitaId, IngredienteId, Quantidade) VALUES(12,46,' 100g ')
INSERT INTO Receita_Ingrediente(ReceitaId, IngredienteId, Quantidade) VALUES(12,34,' 50g ')
INSERT INTO Receita_Ingrediente(ReceitaId, IngredienteId, Quantidade) VALUES(12,9,' 300ml ')
INSERT INTO Receita_Ingrediente(ReceitaId, IngredienteId, Quantidade) VALUES(12,29,' 200g ')
INSERT INTO Receita_Ingrediente(ReceitaId, IngredienteId, Quantidade) VALUES(12,31,' 50g ')
INSERT INTO Receita_Ingrediente(ReceitaId, IngredienteId, Quantidade) VALUES(12,8,' 100ml ')
INSERT INTO Receita_Ingrediente(ReceitaId, IngredienteId, Quantidade) VALUES(13,4,'250g ')
INSERT INTO Receita_Ingrediente(ReceitaId, IngredienteId, Quantidade) VALUES(13,47,' 200g ')
INSERT INTO Receita_Ingrediente(ReceitaId, IngredienteId, Quantidade) VALUES(13,48,' 100g ')
INSERT INTO Receita_Ingrediente(ReceitaId, IngredienteId, Quantidade) VALUES(13,8,' 4dl ')
INSERT INTO Receita_Ingrediente(ReceitaId, IngredienteId, Quantidade) VALUES(13,1,' 1 lata ')
INSERT INTO Receita_Ingrediente(ReceitaId, IngredienteId, Quantidade) VALUES(13,10,' 8 ')
INSERT INTO Receita_Ingrediente(ReceitaId, IngredienteId, Quantidade) VALUES(13,39,' q.b ')
INSERT INTO Receita_Ingrediente(ReceitaId, IngredienteId, Quantidade) VALUES(13,49,' 200g ')
INSERT INTO Receita_Ingrediente(ReceitaId, IngredienteId, Quantidade) VALUES(13,5,' 150 ')
INSERT INTO Receita_Ingrediente(ReceitaId, IngredienteId, Quantidade) VALUES(14,32,'360g ')
INSERT INTO Receita_Ingrediente(ReceitaId, IngredienteId, Quantidade) VALUES(14,50,' 300g ')
INSERT INTO Receita_Ingrediente(ReceitaId, IngredienteId, Quantidade) VALUES(14,5,' 240g ')
INSERT INTO Receita_Ingrediente(ReceitaId, IngredienteId, Quantidade) VALUES(14,7,' 4 ')
INSERT INTO Receita_Ingrediente(ReceitaId, IngredienteId, Quantidade) VALUES(14,9,' 1dl ')
INSERT INTO Receita_Ingrediente(ReceitaId, IngredienteId, Quantidade) VALUES(14,39,' 1dl ')
INSERT INTO Receita_Ingrediente(ReceitaId, IngredienteId, Quantidade) VALUES(14,51,' 1 colher(sopa) ')
INSERT INTO Receita_Ingrediente(ReceitaId, IngredienteId, Quantidade) VALUES(14,37,' 250g ')
INSERT INTO Receita_Ingrediente(ReceitaId, IngredienteId, Quantidade) VALUES(14,8,' 2dl ')
INSERT INTO Receita_Ingrediente(ReceitaId, IngredienteId, Quantidade) VALUES(14,48,' 2 colheres(sopa) ')
INSERT INTO Receita_Ingrediente(ReceitaId, IngredienteId, Quantidade) VALUES(15,5,'250g ')
INSERT INTO Receita_Ingrediente(ReceitaId, IngredienteId, Quantidade) VALUES(15,32,' 150g ')
INSERT INTO Receita_Ingrediente(ReceitaId, IngredienteId, Quantidade) VALUES(15,7,' 6 ')
INSERT INTO Receita_Ingrediente(ReceitaId, IngredienteId, Quantidade) VALUES(16,52,'4 ')
INSERT INTO Receita_Ingrediente(ReceitaId, IngredienteId, Quantidade) VALUES(16,53,' 250g ')
INSERT INTO Receita_Ingrediente(ReceitaId, IngredienteId, Quantidade) VALUES(16,54,' 200g ')
INSERT INTO Receita_Ingrediente(ReceitaId, IngredienteId, Quantidade) VALUES(16,7,' 3 ')
INSERT INTO Receita_Ingrediente(ReceitaId, IngredienteId, Quantidade) VALUES(16,5,' 4 colheres(sopa) ')
INSERT INTO Receita_Ingrediente(ReceitaId, IngredienteId, Quantidade) VALUES(16,55,' 300ml ')
INSERT INTO Receita_Ingrediente(ReceitaId, IngredienteId, Quantidade) VALUES(17,56,'200g ')
INSERT INTO Receita_Ingrediente(ReceitaId, IngredienteId, Quantidade) VALUES(17,32,' 200g ')
INSERT INTO Receita_Ingrediente(ReceitaId, IngredienteId, Quantidade) VALUES(17,57,' 125g ')
INSERT INTO Receita_Ingrediente(ReceitaId, IngredienteId, Quantidade) VALUES(17,7,' 2 ')
INSERT INTO Receita_Ingrediente(ReceitaId, IngredienteId, Quantidade) VALUES(17,15,' 75g ')
INSERT INTO Receita_Ingrediente(ReceitaId, IngredienteId, Quantidade) VALUES(17,9,' 9 colheres(sopa) ')
INSERT INTO Receita_Ingrediente(ReceitaId, IngredienteId, Quantidade) VALUES(17,11,' 3 colheres(sopa) ')
INSERT INTO Receita_Ingrediente(ReceitaId, IngredienteId, Quantidade) VALUES(17,51,' 1 colher(sopa) ')
INSERT INTO Receita_Ingrediente(ReceitaId, IngredienteId, Quantidade) VALUES(18,5,'100g ')
INSERT INTO Receita_Ingrediente(ReceitaId, IngredienteId, Quantidade) VALUES(18,7,' 4 ')
INSERT INTO Receita_Ingrediente(ReceitaId, IngredienteId, Quantidade) VALUES(18,15,' 150g ')
INSERT INTO Receita_Ingrediente(ReceitaId, IngredienteId, Quantidade) VALUES(18,29,' 100g ')
INSERT INTO Receita_Ingrediente(ReceitaId, IngredienteId, Quantidade) VALUES(18,58,' 1 cálice ')
INSERT INTO Receita_Ingrediente(ReceitaId, IngredienteId, Quantidade) VALUES(19,5,'350g ')
INSERT INTO Receita_Ingrediente(ReceitaId, IngredienteId, Quantidade) VALUES(19,32,' 150g ')
INSERT INTO Receita_Ingrediente(ReceitaId, IngredienteId, Quantidade) VALUES(19,7,' 12 ')
INSERT INTO Receita_Ingrediente(ReceitaId, IngredienteId, Quantidade) VALUES(19,15,' 150g ')
INSERT INTO Receita_Ingrediente(ReceitaId, IngredienteId, Quantidade) VALUES(19,29,' 100g ')
INSERT INTO Receita_Ingrediente(ReceitaId, IngredienteId, Quantidade) VALUES(19,58,' 1 cálice ')
INSERT INTO Receita_Ingrediente(ReceitaId, IngredienteId, Quantidade) VALUES(20,7,'4 ')
INSERT INTO Receita_Ingrediente(ReceitaId, IngredienteId, Quantidade) VALUES(20,1,' 1 lata ')
INSERT INTO Receita_Ingrediente(ReceitaId, IngredienteId, Quantidade) VALUES(20,9,' 2dl ')
INSERT INTO Receita_Ingrediente(ReceitaId, IngredienteId, Quantidade) VALUES(20,15,' q.b ')
INSERT INTO Receita_Ingrediente(ReceitaId, IngredienteId, Quantidade) VALUES(21,5,'150g ')
INSERT INTO Receita_Ingrediente(ReceitaId, IngredienteId, Quantidade) VALUES(21,32,' 100g ')
INSERT INTO Receita_Ingrediente(ReceitaId, IngredienteId, Quantidade) VALUES(21,7,' 8 ')
INSERT INTO Receita_Ingrediente(ReceitaId, IngredienteId, Quantidade) VALUES(21,39,' 50g ')
INSERT INTO Receita_Ingrediente(ReceitaId, IngredienteId, Quantidade) VALUES(21,1,' 1 lata ')
INSERT INTO Receita_Ingrediente(ReceitaId, IngredienteId, Quantidade) VALUES(21,9,' 2dl ')
INSERT INTO Receita_Ingrediente(ReceitaId, IngredienteId, Quantidade) VALUES(21,15,' q.b ')

INSERT INTO Local (Rua,CodigoPostal,Localidade) VALUES ('Avenida Robert Smith','4710-249','Braga')											
INSERT INTO Local (Rua,CodigoPostal,Localidade) VALUES ('Avenida do Cávado','4700-084','Braga')											
INSERT INTO Local (Rua,CodigoPostal,Localidade) VALUES ('Lugar do Xisto','4760-727','Braga')											
INSERT INTO Local (Rua,CodigoPostal,Localidade) VALUES ('Rua Teixeira Ribeiro ','4830-512 ','Póvoa de Lanhoso')											
INSERT INTO Local (Rua,CodigoPostal,Localidade) VALUES ('Alameda Dr. Mariano Felgueiras','4805-075','Guimarães')											
INSERT INTO Local (Rua,CodigoPostal,Localidade) VALUES ('Via circular','4820-273','Fafe')											
INSERT INTO Local (Rua,CodigoPostal,Localidade) VALUES ('Rua Professor Joaquim Barros Leite','4610-211','Felgueiras')											
INSERT INTO Local (Rua,CodigoPostal,Localidade) VALUES ('Rua Comendador Joaquim de Sousa Oliveira','4815-401','Vizela')											
INSERT INTO Local (Rua,CodigoPostal,Localidade) VALUES ('Quinta do Ardão','4835-400','Guimarães')											
INSERT INTO Local (Rua,CodigoPostal,Localidade) VALUES ('Avenida do Brasil','4760-010','Vila Nova de Famalicão')											
INSERT INTO Local (Rua,CodigoPostal,Localidade) VALUES ('Rua Comandante Luís Pina','4810-108','Guimarães')											
INSERT INTO Local (Rua,CodigoPostal,Localidade) VALUES ('Rua Alamedo Alfredo Pimenta','4800-02','Guimarães')											
INSERT INTO Local (Rua,CodigoPostal,Localidade) VALUES ('Lugar da Ribeira','4801-908','São Martinho de Sande')											
INSERT INTO Local (Rua,CodigoPostal,Localidade) VALUES ('Avenida Liberdade','4710-024','Braga')											
INSERT INTO Local (Rua,CodigoPostal,Localidade) VALUES ('Rua Professor Machado Vilela','4715-010','Braga')											
INSERT INTO Local (Rua,CodigoPostal,Localidade) VALUES ('Lugar de Pontes Pereiros','4830-000','Póvoa de Lanhoso')											
INSERT INTO Local (Rua,CodigoPostal,Localidade) VALUES ('Avenida bernardo bruto ferreira','4730-180','Vila Verde')											
INSERT INTO Local (Rua,CodigoPostal,Localidade) VALUES ('Rua da Mouta','4705-180','Braga')											
INSERT INTO Local (Rua,CodigoPostal,Localidade) VALUES ('Quinta do paço','4720-33','Amares')											
INSERT INTO Local (Rua,CodigoPostal,Localidade) VALUES ('Quinta dos Loureiros','4730-548','Vila de Prado')											

INSERT INTO Supermercado (Nome) VALUES ('Continente')
INSERT INTO Supermercado (Nome) VALUES ('Pingo Doce')
INSERT INTO Supermercado (Nome) VALUES ('Jumbo')
INSERT INTO Supermercado (Nome) VALUES ('Minipreço')
INSERT INTO Supermercado (Nome) VALUES ('Intermarché')

INSERT INTO Ingrediente_Supermercado(IngredienteId,SupermercadoId) VALUES(1,1)
INSERT INTO Ingrediente_Supermercado(IngredienteId,SupermercadoId) VALUES(1,2)
INSERT INTO Ingrediente_Supermercado(IngredienteId,SupermercadoId) VALUES(1,3)
INSERT INTO Ingrediente_Supermercado(IngredienteId,SupermercadoId) VALUES(1,4)
INSERT INTO Ingrediente_Supermercado(IngredienteId,SupermercadoId) VALUES(1,5)
INSERT INTO Ingrediente_Supermercado(IngredienteId,SupermercadoId) VALUES(2,1)
INSERT INTO Ingrediente_Supermercado(IngredienteId,SupermercadoId) VALUES(2,2)
INSERT INTO Ingrediente_Supermercado(IngredienteId,SupermercadoId) VALUES(2,3)
INSERT INTO Ingrediente_Supermercado(IngredienteId,SupermercadoId) VALUES(2,4)
INSERT INTO Ingrediente_Supermercado(IngredienteId,SupermercadoId) VALUES(2,5)
INSERT INTO Ingrediente_Supermercado(IngredienteId,SupermercadoId) VALUES(3,1)
INSERT INTO Ingrediente_Supermercado(IngredienteId,SupermercadoId) VALUES(3,2)
INSERT INTO Ingrediente_Supermercado(IngredienteId,SupermercadoId) VALUES(3,3)
INSERT INTO Ingrediente_Supermercado(IngredienteId,SupermercadoId) VALUES(3,4)
INSERT INTO Ingrediente_Supermercado(IngredienteId,SupermercadoId) VALUES(3,5)
INSERT INTO Ingrediente_Supermercado(IngredienteId,SupermercadoId) VALUES(4,1)
INSERT INTO Ingrediente_Supermercado(IngredienteId,SupermercadoId) VALUES(4,2)
INSERT INTO Ingrediente_Supermercado(IngredienteId,SupermercadoId) VALUES(4,3)
INSERT INTO Ingrediente_Supermercado(IngredienteId,SupermercadoId) VALUES(4,4)
INSERT INTO Ingrediente_Supermercado(IngredienteId,SupermercadoId) VALUES(4,5)
INSERT INTO Ingrediente_Supermercado(IngredienteId,SupermercadoId) VALUES(5,1)
INSERT INTO Ingrediente_Supermercado(IngredienteId,SupermercadoId) VALUES(5,2)
INSERT INTO Ingrediente_Supermercado(IngredienteId,SupermercadoId) VALUES(5,3)
INSERT INTO Ingrediente_Supermercado(IngredienteId,SupermercadoId) VALUES(5,4)
INSERT INTO Ingrediente_Supermercado(IngredienteId,SupermercadoId) VALUES(5,5)
INSERT INTO Ingrediente_Supermercado(IngredienteId,SupermercadoId) VALUES(6,1)
INSERT INTO Ingrediente_Supermercado(IngredienteId,SupermercadoId) VALUES(6,2)
INSERT INTO Ingrediente_Supermercado(IngredienteId,SupermercadoId) VALUES(6,3)
INSERT INTO Ingrediente_Supermercado(IngredienteId,SupermercadoId) VALUES(6,4)
INSERT INTO Ingrediente_Supermercado(IngredienteId,SupermercadoId) VALUES(6,5)
INSERT INTO Ingrediente_Supermercado(IngredienteId,SupermercadoId) VALUES(7,1)
INSERT INTO Ingrediente_Supermercado(IngredienteId,SupermercadoId) VALUES(7,2)
INSERT INTO Ingrediente_Supermercado(IngredienteId,SupermercadoId) VALUES(7,3)
INSERT INTO Ingrediente_Supermercado(IngredienteId,SupermercadoId) VALUES(7,4)
INSERT INTO Ingrediente_Supermercado(IngredienteId,SupermercadoId) VALUES(7,5)
INSERT INTO Ingrediente_Supermercado(IngredienteId,SupermercadoId) VALUES(8,1)
INSERT INTO Ingrediente_Supermercado(IngredienteId,SupermercadoId) VALUES(8,2)
INSERT INTO Ingrediente_Supermercado(IngredienteId,SupermercadoId) VALUES(8,3)
INSERT INTO Ingrediente_Supermercado(IngredienteId,SupermercadoId) VALUES(8,4)
INSERT INTO Ingrediente_Supermercado(IngredienteId,SupermercadoId) VALUES(8,5)
INSERT INTO Ingrediente_Supermercado(IngredienteId,SupermercadoId) VALUES(9,1)
INSERT INTO Ingrediente_Supermercado(IngredienteId,SupermercadoId) VALUES(9,2)
INSERT INTO Ingrediente_Supermercado(IngredienteId,SupermercadoId) VALUES(9,3)
INSERT INTO Ingrediente_Supermercado(IngredienteId,SupermercadoId) VALUES(9,4)
INSERT INTO Ingrediente_Supermercado(IngredienteId,SupermercadoId) VALUES(9,5)
INSERT INTO Ingrediente_Supermercado(IngredienteId,SupermercadoId) VALUES(10,1)
INSERT INTO Ingrediente_Supermercado(IngredienteId,SupermercadoId) VALUES(10,2)
INSERT INTO Ingrediente_Supermercado(IngredienteId,SupermercadoId) VALUES(10,3)
INSERT INTO Ingrediente_Supermercado(IngredienteId,SupermercadoId) VALUES(10,4)
INSERT INTO Ingrediente_Supermercado(IngredienteId,SupermercadoId) VALUES(10,5)
INSERT INTO Ingrediente_Supermercado(IngredienteId,SupermercadoId) VALUES(11,1)
INSERT INTO Ingrediente_Supermercado(IngredienteId,SupermercadoId) VALUES(11,2)
INSERT INTO Ingrediente_Supermercado(IngredienteId,SupermercadoId) VALUES(11,3)
INSERT INTO Ingrediente_Supermercado(IngredienteId,SupermercadoId) VALUES(11,4)
INSERT INTO Ingrediente_Supermercado(IngredienteId,SupermercadoId) VALUES(11,5)
INSERT INTO Ingrediente_Supermercado(IngredienteId,SupermercadoId) VALUES(12,1)
INSERT INTO Ingrediente_Supermercado(IngredienteId,SupermercadoId) VALUES(12,2)
INSERT INTO Ingrediente_Supermercado(IngredienteId,SupermercadoId) VALUES(12,3)
INSERT INTO Ingrediente_Supermercado(IngredienteId,SupermercadoId) VALUES(12,4)
INSERT INTO Ingrediente_Supermercado(IngredienteId,SupermercadoId) VALUES(12,5)
INSERT INTO Ingrediente_Supermercado(IngredienteId,SupermercadoId) VALUES(13,1)
INSERT INTO Ingrediente_Supermercado(IngredienteId,SupermercadoId) VALUES(13,2)
INSERT INTO Ingrediente_Supermercado(IngredienteId,SupermercadoId) VALUES(13,3)
INSERT INTO Ingrediente_Supermercado(IngredienteId,SupermercadoId) VALUES(13,4)
INSERT INTO Ingrediente_Supermercado(IngredienteId,SupermercadoId) VALUES(13,5)
INSERT INTO Ingrediente_Supermercado(IngredienteId,SupermercadoId) VALUES(14,1)
INSERT INTO Ingrediente_Supermercado(IngredienteId,SupermercadoId) VALUES(14,2)
INSERT INTO Ingrediente_Supermercado(IngredienteId,SupermercadoId) VALUES(14,3)
INSERT INTO Ingrediente_Supermercado(IngredienteId,SupermercadoId) VALUES(14,4)
INSERT INTO Ingrediente_Supermercado(IngredienteId,SupermercadoId) VALUES(14,5)
INSERT INTO Ingrediente_Supermercado(IngredienteId,SupermercadoId) VALUES(15,1)
INSERT INTO Ingrediente_Supermercado(IngredienteId,SupermercadoId) VALUES(15,2)
INSERT INTO Ingrediente_Supermercado(IngredienteId,SupermercadoId) VALUES(15,3)
INSERT INTO Ingrediente_Supermercado(IngredienteId,SupermercadoId) VALUES(15,4)
INSERT INTO Ingrediente_Supermercado(IngredienteId,SupermercadoId) VALUES(15,5)
INSERT INTO Ingrediente_Supermercado(IngredienteId,SupermercadoId) VALUES(16,1)
INSERT INTO Ingrediente_Supermercado(IngredienteId,SupermercadoId) VALUES(16,2)
INSERT INTO Ingrediente_Supermercado(IngredienteId,SupermercadoId) VALUES(16,3)
INSERT INTO Ingrediente_Supermercado(IngredienteId,SupermercadoId) VALUES(16,4)
INSERT INTO Ingrediente_Supermercado(IngredienteId,SupermercadoId) VALUES(16,5)
INSERT INTO Ingrediente_Supermercado(IngredienteId,SupermercadoId) VALUES(17,1)
INSERT INTO Ingrediente_Supermercado(IngredienteId,SupermercadoId) VALUES(17,2)
INSERT INTO Ingrediente_Supermercado(IngredienteId,SupermercadoId) VALUES(17,3)
INSERT INTO Ingrediente_Supermercado(IngredienteId,SupermercadoId) VALUES(17,4)
INSERT INTO Ingrediente_Supermercado(IngredienteId,SupermercadoId) VALUES(17,5)
INSERT INTO Ingrediente_Supermercado(IngredienteId,SupermercadoId) VALUES(18,1)
INSERT INTO Ingrediente_Supermercado(IngredienteId,SupermercadoId) VALUES(18,2)
INSERT INTO Ingrediente_Supermercado(IngredienteId,SupermercadoId) VALUES(18,3)
INSERT INTO Ingrediente_Supermercado(IngredienteId,SupermercadoId) VALUES(18,4)
INSERT INTO Ingrediente_Supermercado(IngredienteId,SupermercadoId) VALUES(18,5)
INSERT INTO Ingrediente_Supermercado(IngredienteId,SupermercadoId) VALUES(19,1)
INSERT INTO Ingrediente_Supermercado(IngredienteId,SupermercadoId) VALUES(19,2)
INSERT INTO Ingrediente_Supermercado(IngredienteId,SupermercadoId) VALUES(19,3)
INSERT INTO Ingrediente_Supermercado(IngredienteId,SupermercadoId) VALUES(19,4)
INSERT INTO Ingrediente_Supermercado(IngredienteId,SupermercadoId) VALUES(19,5)
INSERT INTO Ingrediente_Supermercado(IngredienteId,SupermercadoId) VALUES(20,1)
INSERT INTO Ingrediente_Supermercado(IngredienteId,SupermercadoId) VALUES(20,2)
INSERT INTO Ingrediente_Supermercado(IngredienteId,SupermercadoId) VALUES(20,3)
INSERT INTO Ingrediente_Supermercado(IngredienteId,SupermercadoId) VALUES(20,4)
INSERT INTO Ingrediente_Supermercado(IngredienteId,SupermercadoId) VALUES(20,5)
INSERT INTO Ingrediente_Supermercado(IngredienteId,SupermercadoId) VALUES(21,1)
INSERT INTO Ingrediente_Supermercado(IngredienteId,SupermercadoId) VALUES(21,2)
INSERT INTO Ingrediente_Supermercado(IngredienteId,SupermercadoId) VALUES(21,3)
INSERT INTO Ingrediente_Supermercado(IngredienteId,SupermercadoId) VALUES(21,4)
INSERT INTO Ingrediente_Supermercado(IngredienteId,SupermercadoId) VALUES(21,5)
INSERT INTO Ingrediente_Supermercado(IngredienteId,SupermercadoId) VALUES(22,1)
INSERT INTO Ingrediente_Supermercado(IngredienteId,SupermercadoId) VALUES(22,2)
INSERT INTO Ingrediente_Supermercado(IngredienteId,SupermercadoId) VALUES(22,3)
INSERT INTO Ingrediente_Supermercado(IngredienteId,SupermercadoId) VALUES(22,4)
INSERT INTO Ingrediente_Supermercado(IngredienteId,SupermercadoId) VALUES(22,5)
INSERT INTO Ingrediente_Supermercado(IngredienteId,SupermercadoId) VALUES(23,1)
INSERT INTO Ingrediente_Supermercado(IngredienteId,SupermercadoId) VALUES(23,2)
INSERT INTO Ingrediente_Supermercado(IngredienteId,SupermercadoId) VALUES(23,3)
INSERT INTO Ingrediente_Supermercado(IngredienteId,SupermercadoId) VALUES(23,4)
INSERT INTO Ingrediente_Supermercado(IngredienteId,SupermercadoId) VALUES(23,5)
INSERT INTO Ingrediente_Supermercado(IngredienteId,SupermercadoId) VALUES(24,1)
INSERT INTO Ingrediente_Supermercado(IngredienteId,SupermercadoId) VALUES(24,2)
INSERT INTO Ingrediente_Supermercado(IngredienteId,SupermercadoId) VALUES(24,3)
INSERT INTO Ingrediente_Supermercado(IngredienteId,SupermercadoId) VALUES(24,4)
INSERT INTO Ingrediente_Supermercado(IngredienteId,SupermercadoId) VALUES(24,5)
INSERT INTO Ingrediente_Supermercado(IngredienteId,SupermercadoId) VALUES(25,1)
INSERT INTO Ingrediente_Supermercado(IngredienteId,SupermercadoId) VALUES(25,2)
INSERT INTO Ingrediente_Supermercado(IngredienteId,SupermercadoId) VALUES(25,3)
INSERT INTO Ingrediente_Supermercado(IngredienteId,SupermercadoId) VALUES(25,4)
INSERT INTO Ingrediente_Supermercado(IngredienteId,SupermercadoId) VALUES(25,5)
INSERT INTO Ingrediente_Supermercado(IngredienteId,SupermercadoId) VALUES(26,1)
INSERT INTO Ingrediente_Supermercado(IngredienteId,SupermercadoId) VALUES(26,2)
INSERT INTO Ingrediente_Supermercado(IngredienteId,SupermercadoId) VALUES(26,3)
INSERT INTO Ingrediente_Supermercado(IngredienteId,SupermercadoId) VALUES(26,4)
INSERT INTO Ingrediente_Supermercado(IngredienteId,SupermercadoId) VALUES(26,5)
INSERT INTO Ingrediente_Supermercado(IngredienteId,SupermercadoId) VALUES(27,1)
INSERT INTO Ingrediente_Supermercado(IngredienteId,SupermercadoId) VALUES(27,2)
INSERT INTO Ingrediente_Supermercado(IngredienteId,SupermercadoId) VALUES(27,3)
INSERT INTO Ingrediente_Supermercado(IngredienteId,SupermercadoId) VALUES(27,4)
INSERT INTO Ingrediente_Supermercado(IngredienteId,SupermercadoId) VALUES(27,5)
INSERT INTO Ingrediente_Supermercado(IngredienteId,SupermercadoId) VALUES(28,1)
INSERT INTO Ingrediente_Supermercado(IngredienteId,SupermercadoId) VALUES(28,2)
INSERT INTO Ingrediente_Supermercado(IngredienteId,SupermercadoId) VALUES(28,3)
INSERT INTO Ingrediente_Supermercado(IngredienteId,SupermercadoId) VALUES(28,4)
INSERT INTO Ingrediente_Supermercado(IngredienteId,SupermercadoId) VALUES(28,5)
INSERT INTO Ingrediente_Supermercado(IngredienteId,SupermercadoId) VALUES(29,1)
INSERT INTO Ingrediente_Supermercado(IngredienteId,SupermercadoId) VALUES(29,2)
INSERT INTO Ingrediente_Supermercado(IngredienteId,SupermercadoId) VALUES(29,3)
INSERT INTO Ingrediente_Supermercado(IngredienteId,SupermercadoId) VALUES(29,4)
INSERT INTO Ingrediente_Supermercado(IngredienteId,SupermercadoId) VALUES(29,5)
INSERT INTO Ingrediente_Supermercado(IngredienteId,SupermercadoId) VALUES(30,1)
INSERT INTO Ingrediente_Supermercado(IngredienteId,SupermercadoId) VALUES(30,2)
INSERT INTO Ingrediente_Supermercado(IngredienteId,SupermercadoId) VALUES(30,3)
INSERT INTO Ingrediente_Supermercado(IngredienteId,SupermercadoId) VALUES(30,4)
INSERT INTO Ingrediente_Supermercado(IngredienteId,SupermercadoId) VALUES(30,5)
INSERT INTO Ingrediente_Supermercado(IngredienteId,SupermercadoId) VALUES(31,1)
INSERT INTO Ingrediente_Supermercado(IngredienteId,SupermercadoId) VALUES(31,2)
INSERT INTO Ingrediente_Supermercado(IngredienteId,SupermercadoId) VALUES(31,3)
INSERT INTO Ingrediente_Supermercado(IngredienteId,SupermercadoId) VALUES(31,4)
INSERT INTO Ingrediente_Supermercado(IngredienteId,SupermercadoId) VALUES(31,5)
INSERT INTO Ingrediente_Supermercado(IngredienteId,SupermercadoId) VALUES(32,1)
INSERT INTO Ingrediente_Supermercado(IngredienteId,SupermercadoId) VALUES(32,2)
INSERT INTO Ingrediente_Supermercado(IngredienteId,SupermercadoId) VALUES(32,3)
INSERT INTO Ingrediente_Supermercado(IngredienteId,SupermercadoId) VALUES(32,4)
INSERT INTO Ingrediente_Supermercado(IngredienteId,SupermercadoId) VALUES(32,5)
INSERT INTO Ingrediente_Supermercado(IngredienteId,SupermercadoId) VALUES(33,1)
INSERT INTO Ingrediente_Supermercado(IngredienteId,SupermercadoId) VALUES(33,2)
INSERT INTO Ingrediente_Supermercado(IngredienteId,SupermercadoId) VALUES(33,3)
INSERT INTO Ingrediente_Supermercado(IngredienteId,SupermercadoId) VALUES(33,4)
INSERT INTO Ingrediente_Supermercado(IngredienteId,SupermercadoId) VALUES(33,5)
INSERT INTO Ingrediente_Supermercado(IngredienteId,SupermercadoId) VALUES(34,1)
INSERT INTO Ingrediente_Supermercado(IngredienteId,SupermercadoId) VALUES(34,2)
INSERT INTO Ingrediente_Supermercado(IngredienteId,SupermercadoId) VALUES(34,3)
INSERT INTO Ingrediente_Supermercado(IngredienteId,SupermercadoId) VALUES(34,4)
INSERT INTO Ingrediente_Supermercado(IngredienteId,SupermercadoId) VALUES(34,5)
INSERT INTO Ingrediente_Supermercado(IngredienteId,SupermercadoId) VALUES(35,1)
INSERT INTO Ingrediente_Supermercado(IngredienteId,SupermercadoId) VALUES(35,2)
INSERT INTO Ingrediente_Supermercado(IngredienteId,SupermercadoId) VALUES(35,3)
INSERT INTO Ingrediente_Supermercado(IngredienteId,SupermercadoId) VALUES(35,4)
INSERT INTO Ingrediente_Supermercado(IngredienteId,SupermercadoId) VALUES(35,5)
INSERT INTO Ingrediente_Supermercado(IngredienteId,SupermercadoId) VALUES(36,1)
INSERT INTO Ingrediente_Supermercado(IngredienteId,SupermercadoId) VALUES(36,2)
INSERT INTO Ingrediente_Supermercado(IngredienteId,SupermercadoId) VALUES(36,3)
INSERT INTO Ingrediente_Supermercado(IngredienteId,SupermercadoId) VALUES(36,4)
INSERT INTO Ingrediente_Supermercado(IngredienteId,SupermercadoId) VALUES(36,5)
INSERT INTO Ingrediente_Supermercado(IngredienteId,SupermercadoId) VALUES(37,1)
INSERT INTO Ingrediente_Supermercado(IngredienteId,SupermercadoId) VALUES(37,2)
INSERT INTO Ingrediente_Supermercado(IngredienteId,SupermercadoId) VALUES(37,3)
INSERT INTO Ingrediente_Supermercado(IngredienteId,SupermercadoId) VALUES(37,4)
INSERT INTO Ingrediente_Supermercado(IngredienteId,SupermercadoId) VALUES(37,5)
INSERT INTO Ingrediente_Supermercado(IngredienteId,SupermercadoId) VALUES(38,1)
INSERT INTO Ingrediente_Supermercado(IngredienteId,SupermercadoId) VALUES(38,2)
INSERT INTO Ingrediente_Supermercado(IngredienteId,SupermercadoId) VALUES(38,3)
INSERT INTO Ingrediente_Supermercado(IngredienteId,SupermercadoId) VALUES(38,4)
INSERT INTO Ingrediente_Supermercado(IngredienteId,SupermercadoId) VALUES(38,5)
INSERT INTO Ingrediente_Supermercado(IngredienteId,SupermercadoId) VALUES(39,1)
INSERT INTO Ingrediente_Supermercado(IngredienteId,SupermercadoId) VALUES(39,2)
INSERT INTO Ingrediente_Supermercado(IngredienteId,SupermercadoId) VALUES(39,3)
INSERT INTO Ingrediente_Supermercado(IngredienteId,SupermercadoId) VALUES(39,4)
INSERT INTO Ingrediente_Supermercado(IngredienteId,SupermercadoId) VALUES(39,5)
INSERT INTO Ingrediente_Supermercado(IngredienteId,SupermercadoId) VALUES(40,1)
INSERT INTO Ingrediente_Supermercado(IngredienteId,SupermercadoId) VALUES(40,2)
INSERT INTO Ingrediente_Supermercado(IngredienteId,SupermercadoId) VALUES(40,3)
INSERT INTO Ingrediente_Supermercado(IngredienteId,SupermercadoId) VALUES(40,4)
INSERT INTO Ingrediente_Supermercado(IngredienteId,SupermercadoId) VALUES(40,5)
INSERT INTO Ingrediente_Supermercado(IngredienteId,SupermercadoId) VALUES(41,1)
INSERT INTO Ingrediente_Supermercado(IngredienteId,SupermercadoId) VALUES(41,2)
INSERT INTO Ingrediente_Supermercado(IngredienteId,SupermercadoId) VALUES(41,3)
INSERT INTO Ingrediente_Supermercado(IngredienteId,SupermercadoId) VALUES(41,4)
INSERT INTO Ingrediente_Supermercado(IngredienteId,SupermercadoId) VALUES(41,5)
INSERT INTO Ingrediente_Supermercado(IngredienteId,SupermercadoId) VALUES(42,1)
INSERT INTO Ingrediente_Supermercado(IngredienteId,SupermercadoId) VALUES(42,2)
INSERT INTO Ingrediente_Supermercado(IngredienteId,SupermercadoId) VALUES(42,3)
INSERT INTO Ingrediente_Supermercado(IngredienteId,SupermercadoId) VALUES(42,4)
INSERT INTO Ingrediente_Supermercado(IngredienteId,SupermercadoId) VALUES(42,5)
INSERT INTO Ingrediente_Supermercado(IngredienteId,SupermercadoId) VALUES(43,1)
INSERT INTO Ingrediente_Supermercado(IngredienteId,SupermercadoId) VALUES(43,2)
INSERT INTO Ingrediente_Supermercado(IngredienteId,SupermercadoId) VALUES(43,3)
INSERT INTO Ingrediente_Supermercado(IngredienteId,SupermercadoId) VALUES(43,4)
INSERT INTO Ingrediente_Supermercado(IngredienteId,SupermercadoId) VALUES(43,5)
INSERT INTO Ingrediente_Supermercado(IngredienteId,SupermercadoId) VALUES(44,1)
INSERT INTO Ingrediente_Supermercado(IngredienteId,SupermercadoId) VALUES(44,2)
INSERT INTO Ingrediente_Supermercado(IngredienteId,SupermercadoId) VALUES(44,3)
INSERT INTO Ingrediente_Supermercado(IngredienteId,SupermercadoId) VALUES(44,4)
INSERT INTO Ingrediente_Supermercado(IngredienteId,SupermercadoId) VALUES(44,5)
INSERT INTO Ingrediente_Supermercado(IngredienteId,SupermercadoId) VALUES(45,1)
INSERT INTO Ingrediente_Supermercado(IngredienteId,SupermercadoId) VALUES(45,2)
INSERT INTO Ingrediente_Supermercado(IngredienteId,SupermercadoId) VALUES(45,3)
INSERT INTO Ingrediente_Supermercado(IngredienteId,SupermercadoId) VALUES(45,4)
INSERT INTO Ingrediente_Supermercado(IngredienteId,SupermercadoId) VALUES(45,5)
INSERT INTO Ingrediente_Supermercado(IngredienteId,SupermercadoId) VALUES(46,1)
INSERT INTO Ingrediente_Supermercado(IngredienteId,SupermercadoId) VALUES(46,2)
INSERT INTO Ingrediente_Supermercado(IngredienteId,SupermercadoId) VALUES(46,3)
INSERT INTO Ingrediente_Supermercado(IngredienteId,SupermercadoId) VALUES(46,4)
INSERT INTO Ingrediente_Supermercado(IngredienteId,SupermercadoId) VALUES(46,5)
INSERT INTO Ingrediente_Supermercado(IngredienteId,SupermercadoId) VALUES(47,1)
INSERT INTO Ingrediente_Supermercado(IngredienteId,SupermercadoId) VALUES(47,2)
INSERT INTO Ingrediente_Supermercado(IngredienteId,SupermercadoId) VALUES(47,3)
INSERT INTO Ingrediente_Supermercado(IngredienteId,SupermercadoId) VALUES(47,4)
INSERT INTO Ingrediente_Supermercado(IngredienteId,SupermercadoId) VALUES(47,5)
INSERT INTO Ingrediente_Supermercado(IngredienteId,SupermercadoId) VALUES(48,1)
INSERT INTO Ingrediente_Supermercado(IngredienteId,SupermercadoId) VALUES(48,2)
INSERT INTO Ingrediente_Supermercado(IngredienteId,SupermercadoId) VALUES(48,3)
INSERT INTO Ingrediente_Supermercado(IngredienteId,SupermercadoId) VALUES(48,4)
INSERT INTO Ingrediente_Supermercado(IngredienteId,SupermercadoId) VALUES(48,5)
INSERT INTO Ingrediente_Supermercado(IngredienteId,SupermercadoId) VALUES(49,1)
INSERT INTO Ingrediente_Supermercado(IngredienteId,SupermercadoId) VALUES(49,2)
INSERT INTO Ingrediente_Supermercado(IngredienteId,SupermercadoId) VALUES(49,3)
INSERT INTO Ingrediente_Supermercado(IngredienteId,SupermercadoId) VALUES(49,4)
INSERT INTO Ingrediente_Supermercado(IngredienteId,SupermercadoId) VALUES(49,5)
INSERT INTO Ingrediente_Supermercado(IngredienteId,SupermercadoId) VALUES(50,1)
INSERT INTO Ingrediente_Supermercado(IngredienteId,SupermercadoId) VALUES(50,2)
INSERT INTO Ingrediente_Supermercado(IngredienteId,SupermercadoId) VALUES(50,3)
INSERT INTO Ingrediente_Supermercado(IngredienteId,SupermercadoId) VALUES(50,4)
INSERT INTO Ingrediente_Supermercado(IngredienteId,SupermercadoId) VALUES(50,5)
INSERT INTO Ingrediente_Supermercado(IngredienteId,SupermercadoId) VALUES(51,1)
INSERT INTO Ingrediente_Supermercado(IngredienteId,SupermercadoId) VALUES(51,2)
INSERT INTO Ingrediente_Supermercado(IngredienteId,SupermercadoId) VALUES(51,3)
INSERT INTO Ingrediente_Supermercado(IngredienteId,SupermercadoId) VALUES(51,4)
INSERT INTO Ingrediente_Supermercado(IngredienteId,SupermercadoId) VALUES(51,5)
INSERT INTO Ingrediente_Supermercado(IngredienteId,SupermercadoId) VALUES(52,1)
INSERT INTO Ingrediente_Supermercado(IngredienteId,SupermercadoId) VALUES(52,2)
INSERT INTO Ingrediente_Supermercado(IngredienteId,SupermercadoId) VALUES(52,3)
INSERT INTO Ingrediente_Supermercado(IngredienteId,SupermercadoId) VALUES(52,4)
INSERT INTO Ingrediente_Supermercado(IngredienteId,SupermercadoId) VALUES(52,5)
INSERT INTO Ingrediente_Supermercado(IngredienteId,SupermercadoId) VALUES(53,1)
INSERT INTO Ingrediente_Supermercado(IngredienteId,SupermercadoId) VALUES(53,2)
INSERT INTO Ingrediente_Supermercado(IngredienteId,SupermercadoId) VALUES(53,3)
INSERT INTO Ingrediente_Supermercado(IngredienteId,SupermercadoId) VALUES(53,4)
INSERT INTO Ingrediente_Supermercado(IngredienteId,SupermercadoId) VALUES(53,5)
INSERT INTO Ingrediente_Supermercado(IngredienteId,SupermercadoId) VALUES(54,1)
INSERT INTO Ingrediente_Supermercado(IngredienteId,SupermercadoId) VALUES(54,2)
INSERT INTO Ingrediente_Supermercado(IngredienteId,SupermercadoId) VALUES(54,3)
INSERT INTO Ingrediente_Supermercado(IngredienteId,SupermercadoId) VALUES(54,4)
INSERT INTO Ingrediente_Supermercado(IngredienteId,SupermercadoId) VALUES(54,5)
INSERT INTO Ingrediente_Supermercado(IngredienteId,SupermercadoId) VALUES(55,1)
INSERT INTO Ingrediente_Supermercado(IngredienteId,SupermercadoId) VALUES(55,2)
INSERT INTO Ingrediente_Supermercado(IngredienteId,SupermercadoId) VALUES(55,3)
INSERT INTO Ingrediente_Supermercado(IngredienteId,SupermercadoId) VALUES(55,4)
INSERT INTO Ingrediente_Supermercado(IngredienteId,SupermercadoId) VALUES(55,5)
INSERT INTO Ingrediente_Supermercado(IngredienteId,SupermercadoId) VALUES(56,1)
INSERT INTO Ingrediente_Supermercado(IngredienteId,SupermercadoId) VALUES(56,2)
INSERT INTO Ingrediente_Supermercado(IngredienteId,SupermercadoId) VALUES(56,3)
INSERT INTO Ingrediente_Supermercado(IngredienteId,SupermercadoId) VALUES(56,4)
INSERT INTO Ingrediente_Supermercado(IngredienteId,SupermercadoId) VALUES(56,5)
INSERT INTO Ingrediente_Supermercado(IngredienteId,SupermercadoId) VALUES(57,1)
INSERT INTO Ingrediente_Supermercado(IngredienteId,SupermercadoId) VALUES(57,2)
INSERT INTO Ingrediente_Supermercado(IngredienteId,SupermercadoId) VALUES(57,3)
INSERT INTO Ingrediente_Supermercado(IngredienteId,SupermercadoId) VALUES(57,4)
INSERT INTO Ingrediente_Supermercado(IngredienteId,SupermercadoId) VALUES(57,5)
INSERT INTO Ingrediente_Supermercado(IngredienteId,SupermercadoId) VALUES(58,1)
INSERT INTO Ingrediente_Supermercado(IngredienteId,SupermercadoId) VALUES(58,2)
INSERT INTO Ingrediente_Supermercado(IngredienteId,SupermercadoId) VALUES(58,3)
INSERT INTO Ingrediente_Supermercado(IngredienteId,SupermercadoId) VALUES(58,4)
INSERT INTO Ingrediente_Supermercado(IngredienteId,SupermercadoId) VALUES(58,5)


INSERT INTO Supermercado_Local (SupermercadoId,LocalId) VALUES (1,1)
INSERT INTO Supermercado_Local (SupermercadoId,LocalId) VALUES (1,2)
INSERT INTO Supermercado_Local (SupermercadoId,LocalId) VALUES (1,3)
INSERT INTO Supermercado_Local (SupermercadoId,LocalId) VALUES (1,4)
INSERT INTO Supermercado_Local (SupermercadoId,LocalId) VALUES (1,5)
INSERT INTO Supermercado_Local (SupermercadoId,LocalId) VALUES (1,6)
INSERT INTO Supermercado_Local (SupermercadoId,LocalId) VALUES (1,7)
INSERT INTO Supermercado_Local (SupermercadoId,LocalId) VALUES (1,8)
INSERT INTO Supermercado_Local (SupermercadoId,LocalId) VALUES (2,11)
INSERT INTO Supermercado_Local (SupermercadoId,LocalId) VALUES (2,12)
INSERT INTO Supermercado_Local (SupermercadoId,LocalId) VALUES (2,13)
INSERT INTO Supermercado_Local (SupermercadoId,LocalId) VALUES (2,14)
INSERT INTO Supermercado_Local (SupermercadoId,LocalId) VALUES (2,15)
INSERT INTO Supermercado_Local (SupermercadoId,LocalId) VALUES (2,16)
INSERT INTO Supermercado_Local (SupermercadoId,LocalId) VALUES (3,9)
INSERT INTO Supermercado_Local (SupermercadoId,LocalId) VALUES (3,10)
INSERT INTO Supermercado_Local (SupermercadoId,LocalId) VALUES (4,17)
INSERT INTO Supermercado_Local (SupermercadoId,LocalId) VALUES (4,18)
INSERT INTO Supermercado_Local (SupermercadoId,LocalId) VALUES (4,19)
INSERT INTO Supermercado_Local (SupermercadoId,LocalId) VALUES (5,20)

INSERT INTO Utilizador_Receita (UtilizadorUsername,ReceitaId,Favorito) VALUES ('ruben2',1,1)
INSERT INTO Utilizador_Receita (UtilizadorUsername,ReceitaId,Favorito) VALUES ('maguii',2,1)
INSERT INTO Utilizador_Receita (UtilizadorUsername,ReceitaId,Favorito) VALUES ('rodigo',3,1)
INSERT INTO Utilizador_Receita (UtilizadorUsername,ReceitaId,Favorito) VALUES ('roberto',4,1)
INSERT INTO Utilizador_Receita (UtilizadorUsername,ReceitaId,Favorito) VALUES ('marco',5,1)
INSERT INTO Utilizador_Receita (UtilizadorUsername,ReceitaId,Favorito) VALUES ('diana',6,1)
INSERT INTO Utilizador_Receita (UtilizadorUsername,ReceitaId,Favorito) VALUES ('celeste',7,1)
INSERT INTO Utilizador_Receita (UtilizadorUsername,ReceitaId,Favorito) VALUES ('afonso',8,1)
INSERT INTO Utilizador_Receita (UtilizadorUsername,ReceitaId,Favorito) VALUES ('ricardo',9,1)
INSERT INTO Utilizador_Receita (UtilizadorUsername,ReceitaId,Favorito) VALUES ('filipa',10,1)
INSERT INTO Utilizador_Receita (UtilizadorUsername,ReceitaId,Favorito) VALUES ('pedro',11,1)
INSERT INTO Utilizador_Receita (UtilizadorUsername,ReceitaId,Favorito) VALUES ('hugo',12,1)
INSERT INTO Utilizador_Receita (UtilizadorUsername,ReceitaId,Favorito) VALUES ('nelson',13,1)
INSERT INTO Utilizador_Receita (UtilizadorUsername,ReceitaId,Favorito) VALUES ('rui',14,1)
INSERT INTO Utilizador_Receita (UtilizadorUsername,ReceitaId,Favorito) VALUES ('francisca',15,1)
INSERT INTO Utilizador_Receita (UtilizadorUsername,ReceitaId,Favorito) VALUES ('duarte',16,1)
INSERT INTO Utilizador_Receita (UtilizadorUsername,ReceitaId,Favorito) VALUES ('catarina',1,1)
INSERT INTO Utilizador_Receita (UtilizadorUsername,ReceitaId,Favorito) VALUES ('luz',1,1)
INSERT INTO Utilizador_Receita (UtilizadorUsername,ReceitaId,Favorito) VALUES ('juliana',2,1)
INSERT INTO Utilizador_Receita (UtilizadorUsername,ReceitaId,Favorito) VALUES ('alberto',3,1)
INSERT INTO Utilizador_Receita (UtilizadorUsername,ReceitaId,Favorito) VALUES ('luis',4,1)
INSERT INTO Utilizador_Receita (UtilizadorUsername,ReceitaId,Favorito) VALUES ('carina',5,1)
INSERT INTO Utilizador_Receita (UtilizadorUsername,ReceitaId,Favorito) VALUES ('emanuel',6,1)
INSERT INTO Utilizador_Receita (UtilizadorUsername,ReceitaId,Favorito) VALUES ('dalila',7,1)
INSERT INTO Utilizador_Receita (UtilizadorUsername,ReceitaId,Favorito) VALUES ('ruben2',8,1)
INSERT INTO Utilizador_Receita (UtilizadorUsername,ReceitaId,Favorito) VALUES ('maguii',9,1)
INSERT INTO Utilizador_Receita (UtilizadorUsername,ReceitaId,Favorito) VALUES ('rodigo',10,1)
INSERT INTO Utilizador_Receita (UtilizadorUsername,ReceitaId,Favorito) VALUES ('roberto',11,1)
INSERT INTO Utilizador_Receita (UtilizadorUsername,ReceitaId,Favorito) VALUES ('marco',12,1)
INSERT INTO Utilizador_Receita (UtilizadorUsername,ReceitaId,Favorito) VALUES ('diana',13,1)
INSERT INTO Utilizador_Receita (UtilizadorUsername,ReceitaId,Favorito) VALUES ('celeste',14,1)
INSERT INTO Utilizador_Receita (UtilizadorUsername,ReceitaId,Favorito) VALUES ('afonso',15,1)
INSERT INTO Utilizador_Receita (UtilizadorUsername,ReceitaId,Favorito) VALUES ('ricardo',1,1)
INSERT INTO Utilizador_Receita (UtilizadorUsername,ReceitaId,Favorito) VALUES ('filipa',2,1)

INSERT INTO EmentaSemanal (UtilizadorUsername,[DataLancamento]) VALUES ('maria20','2019-4-7')
INSERT INTO EmentaSemanal (UtilizadorUsername,[DataLancamento]) VALUES ('andre40','2019-4-14')
INSERT INTO EmentaSemanal (UtilizadorUsername,[DataLancamento]) VALUES ('antonio2','2019-4-21')
INSERT INTO EmentaSemanal (UtilizadorUsername,[DataLancamento]) VALUES ('joao33','2019-4-28')
INSERT INTO EmentaSemanal (UtilizadorUsername,[DataLancamento]) VALUES ('maria20','2019-5-5')

INSERT INTO EmentaSemanal_Receita (EmentaSemanalId,ReceitaId,Dia) VALUES (1,2,'segunda-feira')
INSERT INTO EmentaSemanal_Receita (EmentaSemanalId,ReceitaId,Dia) VALUES (1,5,'terça-feira')
INSERT INTO EmentaSemanal_Receita (EmentaSemanalId,ReceitaId,Dia) VALUES (1,7,'quarta-feira')
INSERT INTO EmentaSemanal_Receita (EmentaSemanalId,ReceitaId,Dia) VALUES (1,11,'quinta-feira')
INSERT INTO EmentaSemanal_Receita (EmentaSemanalId,ReceitaId,Dia) VALUES (1,12,'sexta-feira')
INSERT INTO EmentaSemanal_Receita (EmentaSemanalId,ReceitaId,Dia) VALUES (2,4,'segunda-feira')
INSERT INTO EmentaSemanal_Receita (EmentaSemanalId,ReceitaId,Dia) VALUES (2,17,'terça-feira')
INSERT INTO EmentaSemanal_Receita (EmentaSemanalId,ReceitaId,Dia) VALUES (2,3,'quarta-feira')
INSERT INTO EmentaSemanal_Receita (EmentaSemanalId,ReceitaId,Dia) VALUES (2,15,'quinta-feira')
INSERT INTO EmentaSemanal_Receita (EmentaSemanalId,ReceitaId,Dia) VALUES (2,1,'sexta-feira')
INSERT INTO EmentaSemanal_Receita (EmentaSemanalId,ReceitaId,Dia) VALUES (3,16,'segunda-feira')
INSERT INTO EmentaSemanal_Receita (EmentaSemanalId,ReceitaId,Dia) VALUES (3,8,'terça-feira')
INSERT INTO EmentaSemanal_Receita (EmentaSemanalId,ReceitaId,Dia) VALUES (3,6,'quarta-feira')
INSERT INTO EmentaSemanal_Receita (EmentaSemanalId,ReceitaId,Dia) VALUES (3,5,'quinta-feira')
INSERT INTO EmentaSemanal_Receita (EmentaSemanalId,ReceitaId,Dia) VALUES (3,14,'sexta-feira')
INSERT INTO EmentaSemanal_Receita (EmentaSemanalId,ReceitaId,Dia) VALUES (4,13,'segunda-feira')
INSERT INTO EmentaSemanal_Receita (EmentaSemanalId,ReceitaId,Dia) VALUES (4,10,'terça-feira')
INSERT INTO EmentaSemanal_Receita (EmentaSemanalId,ReceitaId,Dia) VALUES (4,1,'quarta-feira')
INSERT INTO EmentaSemanal_Receita (EmentaSemanalId,ReceitaId,Dia) VALUES (4,5,'quinta-feira')
INSERT INTO EmentaSemanal_Receita (EmentaSemanalId,ReceitaId,Dia) VALUES (4,6,'sexta-feira')
INSERT INTO EmentaSemanal_Receita (EmentaSemanalId,ReceitaId,Dia) VALUES (5,2,'segunda-feira')
INSERT INTO EmentaSemanal_Receita (EmentaSemanalId,ReceitaId,Dia) VALUES (5,5,'terça-feira')
INSERT INTO EmentaSemanal_Receita (EmentaSemanalId,ReceitaId,Dia) VALUES (5,12,'quarta-feira')
INSERT INTO EmentaSemanal_Receita (EmentaSemanalId,ReceitaId,Dia) VALUES (5,11,'quinta-feira')
INSERT INTO EmentaSemanal_Receita (EmentaSemanalId,ReceitaId,Dia) VALUES (5,16,'sexta-feira')
